no.,pcd_name,x,y,z,angle,volume,length,width,height
1,1-0.25-0.pcd,-0.01914016425965314,-0.011399595479950824,0.23242759607350474,-17.551454487002932,1.948221799196326e-05,-0.039624472207648365,-0.0322987264124407,-0.03640689121127666
2,1-0.25-15.pcd,-0.015746120748615238,-0.012944724279290876,0.23384703307600818,-30.58341722510051,1.846779596277368e-05,-0.040133006518895065,-0.0323488037951243,-0.03455395836779854
3,1-0.25-30.pcd,-0.010780220529708857,-0.0075854432283206175,0.23313770495331662,-43.09937302863525,2.227286232481707e-05,-0.04124840120659039,-0.03315195780446139,-0.036233332945406316
4,1-0.25-45.pcd,-0.011924251895367811,-0.010121897168556155,0.234294432588586,-56.83394736614015,1.992569317708393e-05,-0.040456292090374865,-0.03091398214191911,-0.03376699031407229
5,1-0.25-60.pcd,-0.008975865255040766,-0.006914750895653615,0.2325749294881684,-67.06753044316724,2.1465290046745162e-05,-0.04319920445441025,-0.03103606890199636,-0.03700231193793377
6,1-0.25-75.pcd,-0.010269870269037147,-0.0060666578435351745,0.23455585606442775,-78.77510507131734,1.9960846411412372e-05,-0.038895095429433535,-0.032504310476102374,-0.03238259574558259
7,1-0.25-90.pcd,-0.012203695885729109,-0.003683866753330744,0.23272417013675517,87.84249111343351,2.0761354253960097e-05,-0.0393337892264539,-0.031458210402187374,-0.03458159259060298
8,1-0.35-0.pcd,-0.02195476744175332,-0.01041396977548212,0.3380789567660994,-23.036512649856327,1.864882035343777e-05,-0.03904250663930682,-0.03268498481195141,-0.029435997126875394
9,1-0.35-15.pcd,-0.010814506507670928,-0.0018472896040642257,0.3383255931391863,-40.75910457765987,1.9916391430310982e-05,-0.03897398631136738,-0.03216207423001568,-0.02927879156083113
10,1-0.35-30.pcd,-0.004219729175552191,0.0006973929638430792,0.3383268581005307,-49.48245160298859,1.9631023924298542e-05,-0.040424438347451255,-0.03154017174428691,-0.02947349474264166
11,1-0.35-45.pcd,-0.007026351067592127,-0.004458451482966084,0.33828256518788846,-57.08250811010397,1.77133556553335e-05,-0.04126473487832428,-0.030041633614788427,-0.029758129312124737
12,1-0.35-60.pcd,-0.004241445443303344,-0.003704643926206486,0.338015142588181,-68.74690199643867,1.8965406877021355e-05,-0.03997555637493944,-0.030863479140856916,-0.030167838050755513
13,1-0.35-75.pcd,-0.0029160537511920058,-0.0025168022519869294,0.3374073315321559,-80.59580309999134,1.612644508278565e-05,-0.03941023240649448,-0.029871676515848374,-0.0303255832155524
14,1-0.35-90.pcd,-0.002098671337896112,-0.002910848022914071,0.33629967870795474,86.03234528843,1.8310086987344353e-05,-0.040297277382780786,-0.029807800561537035,-0.02963437875400482
15,1-0.45-0.pcd,-0.02065022817921114,-0.0020872974088287075,0.4393981000828605,-22.01016263388755,1.675715506692611e-05,-0.03759087380642955,-0.031729375086574835,-0.028675763925791242
16,1-0.45-15.pcd,-0.014297964539971925,-0.0019507306415167689,0.43893609159479824,-40.60241744156262,1.602308788786594e-05,-0.03842219666041337,-0.03043492183821142,-0.030625152077596366
17,1-0.45-30.pcd,-0.007852963098533857,0.0005405695320081214,0.43989324047234324,-43.786259223078254,1.5583221328299573e-05,-0.03912813535988845,-0.03189014222028856,-0.02860261239270878
18,1-0.45-45.pcd,-0.0028589948304134746,-1.3807315435164275e-05,0.43882287171407575,-59.343700484317516,1.9650513831556022e-05,-0.03835609064217989,-0.031606301669538775,-0.0294075152440188
19,1-0.45-60.pcd,0.0032258710671182024,0.0007868939196758566,0.43842317194043806,-71.52916669016055,1.7855120974561566e-05,-0.039306889294800806,-0.029437879950157515,-0.02912555975463033
20,1-0.45-75.pcd,0.0007167862182594047,-0.00013333449794053484,0.437762991833076,-80.3295765405878,1.1889367104910997e-05,-0.038089929892833885,-0.029267247517770045,-0.029028411862211778
21,1-0.45-90.pcd,0.00397078551776799,-0.001615053241419252,0.43647868301622544,85.22675719464523,1.5206573475111167e-05,-0.039187738773026226,-0.02901463731445951,-0.02952178858955573
22,2-0.25-0.pcd,-0.016906341228096974,-0.0057274222736626475,0.23306097676172494,-7.570167985114942,1.3146610986030362e-05,-0.03687712963799609,-0.025441583568695234,-0.032695168782677725
23,2-0.25-15.pcd,-0.013339036491787772,-0.008080614747821197,0.23375264852779895,-23.495446858920573,1.4900568305669949e-05,-0.03698501667519927,-0.026771553053192208,-0.03210131405066388
24,2-0.25-30.pcd,-0.007681456759838503,-0.004784073621213349,0.23445661940217924,-32.067648909342545,1.233328743491258e-05,-0.03756850748431395,-0.025966378199094673,-0.030631467324749393
25,2-0.25-45.pcd,-0.003127540598680127,-0.003942306827509289,0.23370968858530525,-48.16810065151153,1.4973768124827228e-05,-0.038145140909397225,-0.027064221003883684,-0.03200577690666784
26,2-0.25-60.pcd,-0.0005693424143555349,-0.004038020500438478,0.23256887239134522,-58.441550722009104,1.3575994531891206e-05,-0.038363327473170436,-0.025818393889043927,-0.03299734938806251
27,2-0.25-75.pcd,0.0007192094511912973,-0.004168328044326976,0.23279392051814904,-72.79444678987406,1.2143233583135536e-05,-0.03738045723900019,-0.02500383173795695,-0.03195726531387241
28,2-0.25-90.pcd,-0.00217912319077814,-0.006048277470411002,0.23247131262704848,-85.417224163962,1.2123614029339641e-05,-0.03845390546371709,-0.025191737124093255,-0.031317484866960094
29,2-0.35-0.pcd,-0.018449766978702833,-0.0067504137608431205,0.33892058528602853,-11.898020878130213,1.1505948914287572e-05,-0.03646012616506973,-0.026767257676391116,-0.025405348364301587
30,2-0.35-15.pcd,-0.009945464925632934,0.0002881723860882042,0.33848393638566504,-31.194102441025844,1.1030009941686357e-05,-0.03595329350239465,-0.02782393060378981,-0.026393967571343824
31,2-0.35-30.pcd,-0.005851324132899141,7.986197754016374e-05,0.3384665256687879,-37.93603829013792,1.2327453172725417e-05,-0.03680078370333954,-0.027285719561329032,-0.02713651614173801
32,2-0.35-45.pcd,0.0016155126097728918,0.0021605129885151463,0.3392237243268362,-50.78089362288451,1.1757232867866511e-05,-0.03839926751147724,-0.026512049221252637,-0.02494946616370342
33,2-0.35-60.pcd,0.0020161102148097323,-0.0019741246135266555,0.3381094777371244,-62.552473315954515,1.1104342979557162e-05,-0.03651536326568345,-0.024318130486472148,-0.026779868096885984
34,2-0.35-75.pcd,0.0020942946466205085,-0.003074706502505698,0.337158296294969,-74.45613977750006,1.2149018091363756e-05,-0.03862244197265143,-0.026548516680673998,-0.02665877827184388
35,2-0.35-90.pcd,0.004680157352761336,-0.004574249368638318,0.3362994870200473,-86.93828455371455,1.043392920151248e-05,-0.038290000143933106,-0.023921567951965032,-0.026162678748112293
36,2-0.45-0.pcd,-0.019500664969819954,0.003015455383461118,0.4401411073110051,-13.106742932056214,1.0668822763272743e-05,-0.03602215645012697,-0.025754316062245434,-0.02486128593709691
37,2-0.45-15.pcd,-0.012758547782260597,0.001012048679964034,0.4408894299776188,-33.44555370189681,1.1860336836675729e-05,-0.035393510886125586,-0.026164529905619738,-0.02488196331474241
38,2-0.45-30.pcd,-0.005513132076108094,0.0031238737992950382,0.4408725493243368,-40.55981990002535,8.925624380881138e-06,-0.036809753906614805,-0.025313999147763666,-0.025402912049266424
39,2-0.45-45.pcd,-0.0008062345709024109,0.001980679737355409,0.4405710269567452,-52.79190842662073,1.1085425264377154e-05,-0.03701529314251024,-0.025494814930742134,-0.025560332074743786
40,2-0.45-60.pcd,0.009000218973001083,0.0031257832703442436,0.4398003822009786,-65.4267019378887,1.0265840826410494e-05,-0.037573738750097535,-0.023903854881928303,-0.025725762601463257
41,2-0.45-75.pcd,0.01124644446686419,0.0015080641484910575,0.43812678172374236,-77.59526454768627,1.0429883638505174e-05,-0.03627853834215835,-0.022960920234634676,-0.026322342505622265
42,2-0.45-90.pcd,0.011782956219484097,-0.001114071757017242,0.4380885049373906,89.9988230019209,1.0217516463866312e-05,-0.03991384295028543,-0.021969589686052376,-0.02467973704334031
43,3-0.25-0.pcd,-0.03245094729494289,-0.012649235787326697,0.23329628462074617,-10.400625870478484,1.899553143558649e-05,-0.0431228632279759,-0.027352803922827205,-0.03164725804015306
44,3-0.25-15.pcd,-0.026344915813950317,-0.0048357617102703695,0.23551502098594485,-23.78622783035943,1.7179703114693607e-05,-0.04239334058369912,-0.02865712202590364,-0.02755897815649347
45,3-0.25-30.pcd,-0.02193399530557417,-0.0011601716295642044,0.2344697609864999,-36.615073921946895,1.629757361487643e-05,-0.0417804891575484,-0.02890897732134825,-0.03077301617423295
46,3-0.25-45.pcd,-0.020054210972105253,-0.00013853368161415158,0.2360439431150734,-52.6880623594825,1.791925340424938e-05,-0.043699701389074794,-0.028496248437348024,-0.028092375258949146
47,3-0.25-60.pcd,-0.014478760576265019,0.005166765461313687,0.23396424968423926,-64.45138703528099,1.896431010570364e-05,-0.04376903361571853,-0.02854044502301035,-0.031050552775623578
48,3-0.25-75.pcd,-0.014626873972364377,0.006124809471688076,0.23465195027601565,-76.95653678718298,1.7853081848126902e-05,-0.043126849902263155,-0.028061082288606022,-0.0292023160450971
49,3-0.25-90.pcd,-0.006832657916808362,0.00891398363581363,0.23288107586706852,89.32896089634151,1.7191322805133506e-05,-0.040920737210449656,-0.030011431708415595,-0.029649172946654617
50,3-0.35-0.pcd,-0.03404021949379627,-0.006884992608773665,0.33831293587829464,-16.579919450128504,1.571162701854963e-05,-0.04083448013189678,-0.03034213256826644,-0.027186183022892607
51,3-0.35-15.pcd,-0.022061422791120992,0.005227968020961222,0.3387145079238257,-33.3418981781716,1.6158235783384093e-05,-0.04130021880350425,-0.03018102100890562,-0.026835553940855295
52,3-0.35-30.pcd,-0.016547667230021497,0.0077792355752101475,0.33896101639889414,-42.60394211132979,1.5753195881968255e-05,-0.041994463992343856,-0.030140635758112558,-0.02693866927075395
53,3-0.35-45.pcd,-0.01738510658626235,0.0055280816421919045,0.3390528994513964,-54.17904330599671,1.5577278654932536e-05,-0.04183003570767072,-0.027520097102672385,-0.02722740708304267
54,3-0.35-60.pcd,-0.009318455812626691,0.00913064794534023,0.3377079850719812,-65.49096576638017,1.4979393046618529e-05,-0.0416151425953984,-0.027670400215874275,-0.0277280472392874
55,3-0.35-75.pcd,-0.006556004353571529,0.010184404867052436,0.33756033381649714,-77.05088095388335,1.4977412762995137e-05,-0.04245173613028362,-0.026840555311230696,-0.026895854154777188
56,3-0.35-90.pcd,-0.004885893061995605,0.010943471789965254,0.3367937146379394,88.72572311190658,1.5624949660302417e-05,-0.04243037485797123,-0.02670583649184162,-0.027078916609550974
57,3-0.45-0.pcd,-0.03472330763178277,-0.00189963918073685,0.43854427525356826,-26.39932694244727,1.6290175441180225e-05,-0.03998536069563138,-0.030959890814884723,-0.027408090181152815
58,3-0.45-15.pcd,-0.02652805003709329,0.0029060210168702053,0.43919777129688703,-27.99194514445856,1.5515984272381667e-05,-0.04016893561688554,-0.028432711474518625,-0.02699972518940058
59,3-0.45-30.pcd,-0.018345003069918684,0.008297215523591901,0.43959689042927586,-43.228310260125646,1.4510144247662861e-05,-0.039905901425926815,-0.02770494988932488,-0.026344715141892627
60,3-0.45-45.pcd,-0.012406602148290192,0.010922930058820503,0.43908556452800795,-57.132225443356134,1.616638616228137e-05,-0.04111990888132873,-0.027755010287824136,-0.026815439017162327
61,3-0.45-60.pcd,-0.009133872442686325,0.01063241971583427,0.4386987402110924,-68.31981070333683,1.4458438987100473e-05,-0.04066987676569522,-0.0280282666992909,-0.02666007274655674
62,3-0.45-75.pcd,0.0014107982526369908,0.013741279140720809,0.43699710647558165,-78.45685042832957,1.4615436740388437e-05,-0.04090979926045904,-0.026099466869801122,-0.027265222259883096
63,3-0.45-90.pcd,0.005832416676740327,0.012949806037902776,0.43615865722405184,88.60139449749317,1.1528458630790183e-05,-0.042094884688647645,-0.025597732747350974,-0.02687143661401276
64,4-0.25-0.pcd,-0.031013272731024836,-0.007388407573604013,0.23420764160946292,-9.410058042112292,1.8141127470946435e-05,-0.043411010545217954,-0.03236011713934232,-0.030884434770606737
65,4-0.25-15.pcd,-0.024191862385012187,-0.002555639716863531,0.2333453689908159,-21.680736095298453,1.8371125774822043e-05,-0.04554443943245638,-0.02896631880362073,-0.033039191577099586
66,4-0.25-30.pcd,-0.02178463495034257,-0.001709210215088003,0.23400589130340402,-35.82412127420963,1.8996626370162425e-05,-0.04360934041593433,-0.029814199331282504,-0.032873098925080946
67,4-0.25-45.pcd,-0.016455083949266973,0.0022896849179743313,0.23313295372170714,-47.48339420982225,1.6444400734678467e-05,-0.044792942924332474,-0.0291476257094061,-0.03495156707643493
68,4-0.25-60.pcd,-0.012476076822544792,0.005810325087448783,0.23255782715849826,-61.23507783202085,1.8013452604026786e-05,-0.04621460518313063,-0.02873501314020676,-0.03437336461556875
69,4-0.25-75.pcd,-0.007196134583536968,0.008231675907411485,0.23125825263281463,-73.87132524011605,1.770240206640364e-05,-0.04412855350658805,-0.028388802607216088,-0.035694783848500444
70,4-0.25-90.pcd,-0.0022434474038670795,0.008614541065078462,0.23277349442808312,-88.75111478893768,1.857420789431063e-05,-0.044746196914102115,-0.02781090853430206,-0.030611855465824293
71,4-0.35-0.pcd,-0.032353201791642666,-0.0012805776663150031,0.33591574427837756,-11.471510114704556,1.6812736396593776e-05,-0.0432613549676976,-0.028866009162998738,-0.03088384868959221
72,4-0.35-15.pcd,-0.02425942113126392,0.0030214707103099815,0.3367531093646574,-25.84150245808948,1.8510306661933593e-05,-0.04689162731913077,-0.030922154044199412,-0.030156147174336012
73,4-0.35-30.pcd,-0.018229490689020467,0.0061554819481042826,0.3370863276985482,-39.53714522864561,1.8007905370432947e-05,-0.043906118471158447,-0.03013641617412826,-0.030080907768503973
74,4-0.35-45.pcd,-0.014189250759100833,0.006671905342565384,0.3368962374508904,-53.157287039002156,1.8147679810774792e-05,-0.044771496759662674,-0.028189216062444615,-0.030665518509388257
75,4-0.35-60.pcd,-0.006696895685494691,0.009958829336916816,0.33597093575556836,-64.54832924356388,1.8122668583749934e-05,-0.04366229702046008,-0.027545432078884415,-0.030408428334060322
76,4-0.35-75.pcd,-0.0013820509511546077,0.010692892484237297,0.3351422076940365,-76.43704000688282,1.7074904683850806e-05,-0.04371110484812142,-0.02697711711847173,-0.030287633817630447
77,4-0.35-90.pcd,0.0010455098103852424,0.010191464604026677,0.33389004733030403,-88.68297133586273,1.7278412126184555e-05,-0.043451369983399844,-0.027069020243890546,-0.030510274508569805
78,4-0.45-0.pcd,-0.03466156270842457,-0.002020332592190646,0.43716216748740394,-24.06315724030529,1.83991937117457e-05,-0.04174716717585744,-0.030269018212246167,-0.030658127287930215
79,4-0.45-15.pcd,-0.026510385799563805,0.002059190021478431,0.43816882468416524,-30.59009979065224,1.6859846400752195e-05,-0.040429558064590726,-0.02893139405229938,-0.029685711287547656
80,4-0.45-30.pcd,-0.019343694705338924,0.007519833724953316,0.4381881352447525,-38.45948176650165,1.7511196363982284e-05,-0.04218578271952747,-0.03053788472010118,-0.029450625940591446
81,4-0.45-45.pcd,-0.008099897947776961,0.01432298804924008,0.43762589280215763,-52.602364187301255,1.5704177477169565e-05,-0.04010635742258259,-0.028480919201435022,-0.030011039754018143
82,4-0.45-60.pcd,-0.004303867408246619,0.01396913666654982,0.43723173440751323,-61.88491005199897,1.6872481751752064e-05,-0.0414554779037443,-0.026805432814208514,-0.029692595393517984
83,4-0.45-75.pcd,0.0021698923394884474,0.014214250260986936,0.43642398252190573,-78.27041449103034,1.6153967203978444e-05,-0.04291608565486954,-0.025419770857063373,-0.029812629684297764
84,4-0.45-90.pcd,0.007600124708409518,0.013565284736170092,0.4354282921954351,-88.6026384548452,1.416007412052009e-05,-0.042164382868408214,-0.02562618545955741,-0.0302209746632966
85,5-0.25-0.pcd,-0.030961862273953596,-0.014952209807122882,0.23537215384754734,-7.129156403754423,1.6168146157461278e-05,-0.03925837755673971,-0.027964041487913618,-0.0272809471539463
86,5-0.25-15.pcd,-0.025140598133417645,-0.006253883922618955,0.235495117198576,-19.058480765265305,1.2995074756347754e-05,-0.0383384450952095,-0.027455930732779094,-0.027515466585777637
87,5-0.25-30.pcd,-0.021436938638816697,-0.0016850666976568937,0.23497551618088078,-31.885140782139125,1.3856118976339296e-05,-0.03859130096203277,-0.02754519542346882,-0.028482964095274288
88,5-0.25-45.pcd,-0.019492116211334478,-0.00035698076276889705,0.23567712100310134,-47.978189440316214,1.4441900995742327e-05,-0.03914041236975857,-0.027924888222301644,-0.027222689380427073
89,5-0.25-60.pcd,-0.011276120856712545,0.004507569048874353,0.23479085832492566,-59.01169574379728,1.3258182603000699e-05,-0.03876209628874592,-0.026526307669022323,-0.02782385330592521
90,5-0.25-75.pcd,-0.00781891511026382,0.006598380918786609,0.2341220604551662,-71.49773361315766,1.309396557988639e-05,-0.03911276455736057,-0.026173696663115198,-0.02741879367946232
91,5-0.25-90.pcd,-0.009957180363195522,0.007697880089535441,0.23264719707149334,-86.12654343492854,1.377703553197672e-05,-0.03858872020023494,-0.026301030526844384,-0.02773245220279194
92,5-0.35-0.pcd,-0.032202811265893236,-0.0070113758690909505,0.3383917535661004,-13.180020953715417,1.3761348954576646e-05,-0.0366768792227245,-0.027138208800663446,-0.026595157066710007
93,5-0.35-15.pcd,-0.027420179962698358,-0.005026432547232489,0.33889315697482564,-22.468820439102814,1.2762950060415809e-05,-0.037097449155757606,-0.027360979796402923,-0.02653574129087255
94,5-0.35-30.pcd,-0.02107341206557217,0.0016185014265769962,0.33909816742172577,-39.86377565440681,1.330910456388284e-05,-0.037622114648111736,-0.02740244843142884,-0.026719718051957168
95,5-0.35-45.pcd,-0.014143972653882562,0.005654570209405862,0.33851789823905115,-50.19192428377008,1.2253179001804008e-05,-0.037595328278889145,-0.026604979370498362,-0.026868798258898208
96,5-0.35-60.pcd,-0.011004672186920571,0.005907933589392494,0.33823579849951413,-61.60879755306205,1.2469356364207502e-05,-0.038086410607462394,-0.026176109350338074,-0.026618606230708386
97,5-0.35-75.pcd,-0.006778914879324144,0.009415408385388336,0.3371982665307355,-74.36931580592936,1.146488573260958e-05,-0.0386170878373729,-0.02473843219128198,-0.02661379964797245
98,5-0.35-90.pcd,-0.001949878624106123,0.009943299128611905,0.33575067922166335,-88.48391624943817,1.4199779125973757e-05,-0.038798191586718433,-0.027768808912045254,-0.027054885610657834
99,5-0.45-0.pcd,-0.03369518041873731,-0.004062322738925096,0.43946729919582167,-15.898986611778575,1.2893268357221158e-05,-0.035465771123663184,-0.027938212651755796,-0.02699396902227386
100,5-0.45-15.pcd,-0.025868571836155086,0.0005375762403905208,0.4404048262525241,-22.965680693067455,1.2648830969527147e-05,-0.03617796473691674,-0.026867702478953006,-0.02588274170598298
101,5-0.45-30.pcd,-0.02052639114012042,0.005197720990870784,0.4406679179151673,-41.31844241429201,1.2571077050623721e-05,-0.03621622793708417,-0.02558436919182715,-0.025887046361671828
102,5-0.45-45.pcd,-0.01131356948083552,0.009240074365707352,0.44048482421605223,-48.87137008829941,1.130723141732836e-05,-0.037068193299427725,-0.02564005738475921,-0.026082275766066535
103,5-0.45-60.pcd,-0.004598811848060241,0.011367655374256196,0.4399614100878825,-62.94753562169939,1.1563382890375009e-05,-0.03660267239191292,-0.025899066478801823,-0.026500348717874656
104,5-0.45-75.pcd,0.004381878786177364,0.014005127170151531,0.4394745219507183,-76.01740290936091,1.2163721676099417e-05,-0.0373607368628829,-0.024269906865320826,-0.02605425764866715
105,5-0.45-90.pcd,0.006145839061900203,0.011927423425585535,0.43880247571348596,-89.1797466027343,1.5136801863614996e-05,-0.03790846457141735,-0.02646318023069997,-0.025872519338207833
106,6-0.25-0.pcd,-0.036584725822619464,-0.009935834317512401,0.2317687088698933,-16.539290556261406,1.6496300986808965e-05,-0.036637719685580536,-0.030673813086443322,-0.03509588205472891
107,6-0.25-15.pcd,-0.02989784001758773,-0.003105629464863684,0.23468331577756157,-34.11511403850501,1.8466513030012145e-05,-0.037646961613337276,-0.03145348233585363,-0.029701408771230238
108,6-0.25-30.pcd,-0.027416944708004723,-0.000730387281825379,0.23358047384050507,-43.1624712307822,1.7469385753597537e-05,-0.03809070370781573,-0.03263124785112831,-0.03235082681477447
109,6-0.25-45.pcd,-0.024528689454291975,0.002789318996654655,0.2335585177893736,-58.89222723538787,1.6709961135355713e-05,-0.03913881281691556,-0.03296788664716979,-0.03255830153474068
110,6-0.25-60.pcd,-0.02138125281218592,0.00632812423433315,0.2316522059153342,-64.73815495638013,2.3971446402217093e-05,-0.0414989908946882,-0.03532813317823459,-0.035736266555690566
111,6-0.25-75.pcd,-0.014778775708312573,0.011021036904404343,0.23184736056328792,-78.17799172277537,1.8190477491754256e-05,-0.03865506458277389,-0.03172426615616958,-0.034551115890086276
112,6-0.25-90.pcd,-0.012215899001334546,0.013811126920869717,0.23097978164044033,87.73954407177976,1.5353453891519154e-05,-0.03847480850539821,-0.032045821489196824,-0.034988546356032435
113,6-0.35-0.pcd,-0.038252399750318834,-0.0046951163852686426,0.3367174639936925,-27.760332037300422,1.7399097598082323e-05,-0.036827190572309876,-0.032555483432681116,-0.030503482711338015
114,6-0.35-15.pcd,-0.02554146836475797,0.005499296752957454,0.33802769586848136,-50.399650506715616,1.610107067467384e-05,-0.0368335836889854,-0.03104664483653026,-0.028991562769055235
115,6-0.35-30.pcd,-0.021518607640258886,0.007830342623121002,0.3375425816957633,-52.669679558861596,1.6504018919258697e-05,-0.03828460315089215,-0.03153490012628196,-0.02919741994165187
116,6-0.35-45.pcd,-0.014631803592091349,0.011576428787117697,0.33693708929442007,-59.490288056906834,1.6753715358022568e-05,-0.03881390096022287,-0.03191523117447671,-0.029247673354284465
117,6-0.35-60.pcd,-0.01478954657559951,0.011636492541429993,0.3359400668439987,-71.42400141285914,1.7432309293921456e-05,-0.03759732533520181,-0.03052393363796342,-0.030565107904550082
118,6-0.35-75.pcd,-0.009710913512350186,0.013904424330478529,0.33534129721646927,-80.36415972789682,1.5184493132806944e-05,-0.03682106454567149,-0.030285634907239133,-0.030051351876880017
119,6-0.35-90.pcd,-0.004871444570417717,0.015910153846306903,0.33475171248261487,86.20785710745382,1.706704272366665e-05,-0.037998386119744154,-0.030626994106331205,-0.029354528337379893
120,6-0.45-0.pcd,-0.0381545256709289,0.000789228970657107,0.4375233928371206,-35.022065867136675,1.6926247642673722e-05,-0.034864512931224154,-0.03312924118410298,-0.029394843411018723
121,6-0.45-15.pcd,-0.026032158744162648,0.007604159785597559,0.43816282981647614,-63.72605333848749,1.563959915262683e-05,-0.035766251311076844,-0.031158427514195675,-0.028969702553142185
122,6-0.45-30.pcd,-0.025404620944435664,0.008277468391252922,0.4384975718908769,-46.93514133853203,1.7116508737665256e-05,-0.03615260813141269,-0.03172179536397776,-0.028868331615847842
123,6-0.45-45.pcd,-0.011498263541123571,0.014881609520782092,0.4382960040550759,-67.82802239009429,1.4111034337622243e-05,-0.035073955394231124,-0.030738723675065395,-0.028661834112040985
124,6-0.45-60.pcd,-0.008120104409948934,0.01584908765872435,0.4374337292403939,-71.74007987490313,1.4705783829128398e-05,-0.03536600945893924,-0.029183070135839942,-0.028576583782976173
125,6-0.45-75.pcd,-0.006873400540745015,0.018783864137895224,0.4363404844362528,-86.37564363596269,1.5936555466443832e-05,-0.03681475931723424,-0.028668491908552213,-0.03022253144494819
126,6-0.45-90.pcd,0.0030110160901726042,0.018906218670228372,0.4318806653081356,85.19456606956672,1.6380876869182752e-05,-0.03900269465658737,-0.029260441397100143,-0.037294620559135294
127,7-0.25-0.pcd,-0.03155270264965772,-0.007234099423389718,0.23556135023683375,-9.170817136700256,1.2776564183706917e-05,-0.03856691919255062,-0.026575710583755907,-0.02643664087044043
128,7-0.25-15.pcd,-0.026573990326434708,-0.005599782177496975,0.23636535773032777,-24.107030595039436,1.336472712489161e-05,-0.039155254766077466,-0.02930265579717283,-0.026494273242436587
129,7-0.25-30.pcd,-0.02091628624088918,0.0013538363223500117,0.23575078775815034,-37.43920650951066,1.4037535698461869e-05,-0.039435215344242186,-0.027102357182997493,-0.027675546826401026
130,7-0.25-45.pcd,-0.0173903577379485,0.003457867364881928,0.2347586143945144,-52.25518829061916,1.3796833625333283e-05,-0.039343054208284295,-0.02663438524897538,-0.02867680995881866
131,7-0.25-60.pcd,-0.011872891846955731,0.006918214427339902,0.23402392733452757,-65.08070180269706,1.2887856379009385e-05,-0.04006670788141121,-0.02692040026806456,-0.028815783062963205
132,7-0.25-75.pcd,-0.00972523390669143,0.007849386856285443,0.2328987373400599,-75.71775001550037,1.3325105375950269e-05,-0.041748306418670646,-0.025894359421758058,-0.028618550111334493
133,7-0.25-90.pcd,-0.008732235062579124,0.0096382548116296,0.23318418838502564,-88.61437739323728,1.4211260197333274e-05,-0.04183347708910598,-0.026203838384794266,-0.026680881193611814
134,7-0.35-0.pcd,-0.03352732930326969,-0.005049658107886637,0.3383696642183197,-19.329750114221074,1.224434375314673e-05,-0.03712573771638141,-0.027922334484841008,-0.026776488502547546
135,7-0.35-15.pcd,-0.026297444880447135,0.000254088089766604,0.33918683081313356,-28.735716353139665,1.2156078280371279e-05,-0.036572908117940416,-0.028710049280392915,-0.026702305984301122
136,7-0.35-30.pcd,-0.02098841096263607,0.004245508154904336,0.33980709409788706,-45.65014004474413,1.1834894570402423e-05,-0.037854468422348686,-0.025811161270235,-0.025974442291249178
137,7-0.35-45.pcd,-0.015218938176955679,0.00658581341738562,0.339876243755552,-54.492524442146376,1.32573857409031e-05,-0.038407378795058414,-0.02712581138586998,-0.02607979400737387
138,7-0.35-60.pcd,-0.006281793521693668,0.01055025131839325,0.33902888416126015,-64.51619019606072,1.2016665998485087e-05,-0.039408593771944805,-0.025353468190080906,-0.026586142433057406
139,7-0.35-75.pcd,-0.004038882379465662,0.01109356099329628,0.33849273633248966,-75.1676882597467,1.1850915826348755e-05,-0.04010330818237161,-0.025066238662977965,-0.026105247088411335
140,7-0.35-90.pcd,-0.0013922152758312966,0.012471942275176624,0.3374874261949447,-88.10489560151183,1.1608952904198724e-05,-0.040152304823361754,-0.024694852190223188,-0.02652822755378104
141,7-0.45-0.pcd,-0.03581622145333854,-0.0026468925753655006,0.43943831989409987,-23.996061842857888,1.2316470459170895e-05,-0.034315302688065305,-0.027817230724434382,-0.02621002763388769
142,7-0.45-15.pcd,-0.026096176844629684,0.0044115473874171696,0.44072855661063165,-39.13815513291617,1.3609613471355915e-05,-0.03626263639746737,-0.02762914924468122,-0.025304047695392688
143,7-0.45-30.pcd,-0.01727501450731918,0.01110493936443887,0.440794920599758,-41.868920953273815,1.2943501821192229e-05,-0.03831677006556532,-0.02513055377184403,-0.025553984195630156
144,7-0.45-45.pcd,-0.01108193101968452,0.013239333548470058,0.44080070409331595,-59.05509251010943,1.0892428959790597e-05,-0.03680991694111703,-0.02621183539841283,-0.025850347543236566
145,7-0.45-60.pcd,-0.0021815504715994773,0.01507732546206432,0.44059308148114656,-67.72793191176682,1.2704381292470576e-05,-0.037858014142038,-0.027633242149805906,-0.025417156053014648
146,7-0.45-75.pcd,0.0024373244183236373,0.015893825108836374,0.4396348399470945,-76.69803948759136,1.4786891539069653e-05,-0.03919364298911637,-0.027704695250768865,-0.026090765701833274
147,7-0.45-90.pcd,0.009924483978840942,0.014831418703459795,0.4391149873142978,-89.25095521467478,1.1547930257894807e-05,-0.03821361036291741,-0.02291162629826938,-0.02527724678697968
148,8-0.25-0.pcd,-0.029541718608860627,-0.011530879269216532,0.23470878933286698,-4.56453430188017,1.6195596924053894e-05,-0.03982201854133197,-0.03112220014494462,-0.028731570068142562
149,8-0.25-15.pcd,-0.024366003561733768,-0.004041722958328719,0.23489467963441055,-19.65796942180293,1.811379726111026e-05,-0.042059618125167175,-0.030706440307646778,-0.02888162956618998
150,8-0.25-30.pcd,-0.022733416232960532,-0.0038424151741571428,0.23481259748302008,-32.51688861829388,1.4882882336072184e-05,-0.03894826516531981,-0.029534547838724383,-0.029410039988854834
151,8-0.25-45.pcd,-0.012037296235293543,0.005212398721895724,0.2352623322571032,-49.39219489283214,1.6802365580134622e-05,-0.04264068899108866,-0.030196604550502347,-0.028709888750319712
152,8-0.25-60.pcd,-0.01217166627329757,0.0042123551761118665,0.2351710729579611,-59.0244183721023,1.4096111748767724e-05,-0.040724119534354605,-0.0284952862124076,-0.028781827963148127
153,8-0.25-75.pcd,-0.009311167889181153,0.006540111256314957,0.23503848474854885,-73.10579785928142,1.4799444419995491e-05,-0.04246731376200716,-0.02733753594889065,-0.02839795598924852
154,8-0.25-90.pcd,-0.008917734955509325,0.008204327661289146,0.23441679742117338,-86.44000482958502,1.639891071487968e-05,-0.04232695466215483,-0.027826718494794695,-0.028501674937502747
155,8-0.35-0.pcd,-0.03184216656539136,-0.004373687646659051,0.33750356687414157,-12.375296706408445,1.5179798175749797e-05,-0.03833194032537242,-0.030144441153777696,-0.028071115704543848
156,8-0.35-15.pcd,-0.024727776593000506,4.13226860354231e-05,0.33807879276390634,-31.59203696011231,1.5169954524662072e-05,-0.03746069921015648,-0.030002226734269267,-0.028013505512453966
157,8-0.35-30.pcd,-0.0195363482269106,0.003072137081895554,0.33809051813564617,-41.75888560332156,1.5079890314046983e-05,-0.03757777641751784,-0.029508041169148857,-0.02759846176452008
158,8-0.35-45.pcd,-0.014472002726576286,0.0056064791397221455,0.3372166873087121,-57.99299461666264,1.4089567069034567e-05,-0.03711217547160342,-0.0278377536423065,-0.028346268060779282
159,8-0.35-60.pcd,-0.011014783472840215,0.006211813819392044,0.3361110910342433,-63.10642806134158,1.4373143978753295e-05,-0.039338875171205996,-0.027352428473387896,-0.028320114615801143
160,8-0.35-75.pcd,-0.007180599796929031,0.00900221890112635,0.335729402796339,-75.03109509612929,1.4298293837581556e-05,-0.04035203801755112,-0.026832210113951864,-0.02810914513601631
161,8-0.35-90.pcd,0.00014830016639774376,0.010315561194178598,0.33432253158216446,-85.70775811275603,1.5393703480063037e-05,-0.04080959833801118,-0.026125240175133867,-0.028405896251914087
162,8-0.45-0.pcd,-0.03459136647034295,-0.0061116786370071716,0.4391661636975112,-17.155530561548996,1.2965444162671387e-05,-0.03545071763434865,-0.028655723086743492,-0.027658631286457735
163,8-0.45-15.pcd,-0.02286956264666005,0.006338956728691789,0.43908486411105074,-32.77011006885783,1.3665216386691297e-05,-0.03673784205195411,-0.029424440601793198,-0.028083277481685823
164,8-0.45-30.pcd,-0.016408765686067955,0.00928941653720559,0.4390571620168082,-43.1644799395088,1.4983050066734558e-05,-0.037669413843926164,-0.026566266436145528,-0.02784814082778614
165,8-0.45-45.pcd,-0.01198833052839718,0.010032612611989733,0.4390825077222232,-53.55693455958514,1.3932896305726682e-05,-0.038990385436398836,-0.028064285821842498,-0.027385160390218932
166,8-0.45-60.pcd,-0.0067107758362909015,0.010772422769774814,0.43851169793669675,-64.89186951678144,1.342475842470849e-05,-0.03879433408129172,-0.027172334237324472,-0.02791580077613626
167,8-0.45-75.pcd,-0.00285891530275339,0.012340498040433944,0.4382031510927674,-76.25711278879474,1.2663418187464467e-05,-0.037335057247560845,-0.026515264709053996,-0.027771753751326733
168,8-0.45-90.pcd,0.00527925167342419,0.012794094183031908,0.43709928627869493,-89.17962368397104,1.1307773705008283e-05,-0.03769440747182977,-0.02557932207266712,-0.02845610199146842
169,9-0.25-0.pcd,-0.02673747646612257,-0.013751780826199357,0.2348245171425124,-4.907165525926255,1.7948628080577193e-05,-0.04533198063466263,-0.03176955826101518,-0.02945102437977765
170,9-0.25-15.pcd,-0.02303265940248424,-0.012329875519312458,0.235447740049076,-17.406759503645276,1.7533421203506528e-05,-0.04523123991033012,-0.03120186464256652,-0.02968829416231497
171,9-0.25-30.pcd,-0.019118701496973638,-0.0057259080463263065,0.23571806476544988,-33.48799279409728,1.8161605779421083e-05,-0.04482640406398761,-0.030427092841339827,-0.029931265586604833
172,9-0.25-45.pcd,-0.0140825296373352,-0.0011436323185723303,0.23396600452210697,-47.19577986842903,1.753903317947385e-05,-0.04531637524242189,-0.028498832956047014,-0.033966057526739424
173,9-0.25-60.pcd,-0.011497079572457295,0.0008413497525622943,0.23548401085028237,-58.089758577744384,1.8287017605654337e-05,-0.04565872786458769,-0.028606686255402594,-0.03104388572180997
174,9-0.25-75.pcd,-0.01229338591681371,0.001441666098265863,0.23402007056497778,-71.5479529635955,1.8248191652059744e-05,-0.04440772744320813,-0.029041720141641098,-0.032655277122791815
175,9-0.25-90.pcd,-0.009485299094498838,0.0037417438415582303,0.23450538798907386,-86.38228164310901,1.854633108917755e-05,-0.044870037588349634,-0.029508370338043148,-0.028636259896503397
176,9-0.35-0.pcd,-0.02846692914978825,-0.0087321146706238,0.33774263990645875,-6.535481401844468,1.5239536089554055e-05,-0.04330443117846372,-0.029513770354870107,-0.028270882225158556
177,9-0.35-15.pcd,-0.023876034312676774,-0.0060832815109132235,0.3384428798681433,-25.418497547261023,1.656244088699761e-05,-0.04235300068572363,-0.031024953170383698,-0.02839740639719346
178,9-0.35-30.pcd,-0.01854950886922424,-0.0015242362301475104,0.3385371125104205,-35.4935795694462,1.6860490460172727e-05,-0.04418638269560355,-0.029880421042927742,-0.02839689428105541
179,9-0.35-45.pcd,-0.008114418298775765,0.005465558120711353,0.33836825622235617,-49.40755357085298,1.7782417037411623e-05,-0.04403486528030615,-0.029881940476609067,-0.02908076114335706
180,9-0.35-60.pcd,-0.011487011818499012,0.002969257258499473,0.33819769625115703,-62.409103043909724,1.615876247924747e-05,-0.043006676974939116,-0.027971868295893338,-0.02911866193730861
181,9-0.35-75.pcd,-0.004098095422741289,0.006517824652081324,0.3378395895005706,-72.87778496456497,1.7495414472396495e-05,-0.04385517870966903,-0.027470566611412364,-0.02869748626066576
182,9-0.35-90.pcd,-0.005486395219736703,0.005817907062840889,0.3367799102975288,-86.66999973723983,1.7334569807793865e-05,-0.043213138333695764,-0.02709168592605091,-0.029094846414685797
183,9-0.45-0.pcd,-0.029911232203204834,-0.0021042904966390324,0.4382260728027233,-10.037068163399397,1.5130195361519307e-05,-0.04045168191607831,-0.030124351249124926,-0.02862717482425231
184,9-0.45-15.pcd,-0.024108112774388166,0.0006415997831001776,0.43864639725487575,-23.808437055788982,1.4945998989165316e-05,-0.04104681023962179,-0.029685129273904425,-0.027880571948490862
185,9-0.45-30.pcd,-0.00937256692362688,0.011979437568502302,0.4385972470031824,-42.55314999088879,1.6397654689397037e-05,-0.041414568628729456,-0.02895785777469093,-0.027976699791111725
186,9-0.45-45.pcd,-0.011352303107071615,0.006067657287354776,0.43849374578056016,-48.82514056266582,1.4820674622943023e-05,-0.041789558442873,-0.027803351556364934,-0.028045629295015195
187,9-0.45-60.pcd,-0.00557829369509567,0.007708871870843693,0.43679994352539686,-62.70114364091495,1.5323128505615124e-05,-0.04118042374252804,-0.026520359696815272,-0.02874043052469083
188,9-0.45-75.pcd,0.0005341670826815221,0.009572288748270747,0.43621146871825606,-74.90069662807592,1.507088267795494e-05,-0.044098806595561396,-0.026044401476535937,-0.02849794084507801
189,9-0.45-90.pcd,0.006312590596629203,0.008471111316719605,0.4349873327991602,-87.78303433390187,1.538819026137514e-05,-0.04271051702815349,-0.025611643348318655,-0.029413479890013805
190,10-0.25-0.pcd,-0.025686907690635568,-0.005876556142966132,0.2351876358585182,-6.433707005054355,1.4464937687841755e-05,-0.04013661924454419,-0.026375020962439495,-0.027918184252610223
191,10-0.25-15.pcd,-0.019698643546137595,-0.0030421151378007385,0.23547510529713214,-23.34845047117267,1.2731751165735921e-05,-0.041024730251415856,-0.026292645860842907,-0.02897523214553588
192,10-0.25-30.pcd,-0.018953981191023008,-0.005075113164662979,0.23359683877644447,-38.771862530979085,1.4210662252945607e-05,-0.04026724253759577,-0.02669010657968838,-0.033580495984050995
193,10-0.25-45.pcd,-0.012573692596500208,-0.0004729869907335104,0.2358744456356714,-49.191000364418215,1.42209737090432e-05,-0.04115671371237306,-0.02562859131330534,-0.029093791719415812
194,10-0.25-60.pcd,-0.00533141636597949,0.0038263701662328265,0.2338692449108028,-62.19249326085287,1.4121652710058519e-05,-0.0423044587082442,-0.025731505855455618,-0.032592324712047094
195,10-0.25-75.pcd,-0.006636453060078869,0.0035171312969101,0.23540900015948021,-75.69686493472786,1.2792301978968816e-05,-0.041437904913020185,-0.025893586533529273,-0.028561580825974434
196,10-0.25-90.pcd,-0.0024036673438832504,0.004340714770074865,0.23255966390986155,-88.07568054953192,1.2940594311354673e-05,-0.03788037693380977,-0.02454936549907967,-0.032381675587867864
197,10-0.35-0.pcd,-0.02700300283555112,-0.001138102278675809,0.3380664583829835,-13.093717424887481,1.356049512034739e-05,-0.03568992700497235,-0.027485875737836535,-0.02767057904324011
198,10-0.35-15.pcd,-0.01771816025359499,0.0037852102350524578,0.3383102891831565,-37.31107606095957,1.3088731965399046e-05,-0.03441724687605747,-0.02732228242725307,-0.027685872930248656
199,10-0.35-30.pcd,-0.017015722876978674,0.00047981613077958344,0.3386467006998805,-42.96217720827342,1.3026024858894665e-05,-0.03995742489993178,-0.025071095520391405,-0.027771527535785937
200,10-0.35-45.pcd,-0.0073799047782543556,0.005724863364397576,0.33829442238264934,-59.48683903743006,1.3476174455888466e-05,-0.036223437380094245,-0.02517540551579881,-0.02780459112003958
201,10-0.35-60.pcd,-0.0036402904687545426,0.0062732977632669554,0.3370404076839091,-66.40331941161261,1.2499674710535138e-05,-0.03752833703274964,-0.024061554662987837,-0.0288430148081007
202,10-0.35-75.pcd,-0.0010342891990128664,0.006198583632183082,0.3363601360495728,-76.28114027801195,1.0899766318219354e-05,-0.03528637531562708,-0.024650779043711067,-0.028525832722193504
203,10-0.35-90.pcd,0.005042372474170247,0.005874796938705075,0.33579524504158725,89.3934501313471,8.963516074112732e-06,-0.03598849646825322,-0.02368058322257461,-0.027967964303727447
204,10-0.45-0.pcd,-0.03146907553472262,-0.0014886347904187718,0.43837209185489084,-20.370979244028348,1.3002684375330537e-05,-0.03380192158098225,-0.025021904547656657,-0.028664063723724653
205,10-0.45-15.pcd,-0.02136105898223019,0.004821056468950365,0.4396413307370188,-29.94369869656462,1.1431495380515415e-05,-0.035551263263421,-0.026031983664388615,-0.028094114424478123
206,10-0.45-30.pcd,-0.012403201796011091,0.009986218491334327,0.4394129680516943,-53.853150264448196,1.1956351343430427e-05,-0.034466684750576626,-0.025511900719010067,-0.029275998688016558
207,10-0.45-45.pcd,-0.003612142330481277,0.011181602538616385,0.4402302720280513,-61.26395910432106,1.1099759332854039e-05,-0.03550381159143365,-0.02521087105143723,-0.026907436816480168
208,10-0.45-60.pcd,0.005557979076175912,0.014220195878261548,0.43876147376429453,-69.97580633787626,1.1806694510961233e-05,-0.03461488510610058,-0.02410754733007997,-0.02795122199060024
209,10-0.45-75.pcd,0.006707871729162036,0.011127767353693111,0.43814925997908566,-81.08413281326169,1.0829548577854476e-05,-0.036109198606569526,-0.023189560094400773,-0.02794090839092062
210,10-0.45-90.pcd,0.01268429872984903,0.010121199753329499,0.43759690877477514,86.20288765282382,1.07075668931047e-05,-0.03509705426851327,-0.023152947956659294,-0.027482368586680295
211,11-0.25-0.pcd,-0.02737430405679089,-0.006199147361499237,0.23277387506011885,-15.451587506922108,1.5209133694036517e-05,-0.03614605599876743,-0.028062174534831626,-0.0333529939561025
212,11-0.25-15.pcd,-0.021811024111366022,-0.0038082687504397902,0.23288998059634974,-30.03890294470047,1.577884105165609e-05,-0.03692150632542915,-0.028237151483921273,-0.034804477644241216
213,11-0.25-30.pcd,-0.01935690707147708,-0.0016456378268386474,0.23371934936245525,-46.04290500628908,1.5886359142026943e-05,-0.03704411134058658,-0.028741344943451028,-0.03342279910783427
214,11-0.25-45.pcd,-0.011062414244963313,0.0031976141804188,0.23368118863598006,-56.14678961306523,1.4558785434866293e-05,-0.0378363814825195,-0.02882638658265886,-0.031652781310219785
215,11-0.25-60.pcd,-0.0066306054071235835,0.004201224936491639,0.23374254551467577,-68.36116704880864,1.3548812225342781e-05,-0.037629777956039105,-0.027696680646407023,-0.031076761160357378
216,11-0.25-75.pcd,-0.007912624916633889,0.004432156668756041,0.2322860611425604,-80.33750527214522,1.3036067469068766e-05,-0.03778470771581743,-0.029288889027007874,-0.03357911454436205
217,11-0.25-90.pcd,-0.0005289227498802408,0.004798626405922995,0.23099651443032923,88.29674948239644,1.638136400515342e-05,-0.038769720462709836,-0.02670449209708999,-0.0340364508160759
218,11-0.35-0.pcd,-0.028743449316711512,-0.0013315544728679848,0.33889740961706877,-17.78569860172311,1.1787310533568588e-05,-0.035180602358364184,-0.03005474873435266,-0.025878074093270864
219,11-0.35-15.pcd,-0.02026636366033112,0.004446340065812478,0.3397726091068069,-41.46850076397122,1.4044557562304706e-05,-0.03676241657551163,-0.028736844145643654,-0.025728200166240615
220,11-0.35-30.pcd,-0.01436180589843771,0.006745174391854414,0.33948321121477293,-47.88197006567321,1.320039723238004e-05,-0.03682111524940552,-0.027223614157341824,-0.027172407773114474
221,11-0.35-45.pcd,-0.012270154351887948,0.0055022860443019895,0.3396113051083982,-60.059132184647225,1.3645209446831342e-05,-0.03906206883718638,-0.02970443662721421,-0.026868334634884753
222,11-0.35-60.pcd,-0.001124872742787866,0.009772546931686405,0.339276860151738,-69.59451036651929,1.256440331292932e-05,-0.03859164518736097,-0.025974550202635036,-0.026408573632591803
223,11-0.35-75.pcd,-0.0008647140189851495,0.008850772905228147,0.33796281758541974,-81.080032430644,1.2464514411635407e-05,-0.0368598543098945,-0.026069187703233514,-0.027162459029959174
224,11-0.35-90.pcd,0.002155413312291137,0.007881146428475448,0.33640473928485176,88.33574664776155,1.2221004672952723e-05,-0.037827223730290994,-0.02593453733805927,-0.027022370808935714
225,11-0.45-0.pcd,-0.03225956282150004,0.00023345338323405915,0.4406497253304615,-19.39326945173976,1.202002200983067e-05,-0.03516788210315243,-0.028769231887678066,-0.024706368064356724
226,11-0.45-15.pcd,-0.02142250693994953,0.007606556189670259,0.4415598994531285,-37.851766120453114,1.0561760428013937e-05,-0.03506268411548012,-0.02625404259594326,-0.024978359951880358
227,11-0.45-30.pcd,-0.015036167867945385,0.009573146960075014,0.4416444565727746,-50.330063274537856,1.2277933115087895e-05,-0.036754728090672525,-0.027324359415355434,-0.024962287193937834
228,11-0.45-45.pcd,-0.0015128425867465094,0.014180860992965241,0.4407124464715096,-62.72813994731671,1.2551607965912012e-05,-0.037505480861464505,-0.02709393889193415,-0.026009580565077073
229,11-0.45-60.pcd,-0.0006384938021236645,0.011941929505110468,0.44135798162198436,-67.75828130079961,1.1229474728586749e-05,-0.03618954194776573,-0.025088780510740025,-0.024596855569740454
230,11-0.45-75.pcd,0.005601758823065595,0.012177471809957967,0.4399433232394194,-80.89594287035919,1.057976865407688e-05,-0.03765497215393955,-0.025223762874810103,-0.025769859638183457
231,11-0.45-90.pcd,0.010803665638783948,0.010109508569395497,0.4392736853499418,-89.6204236058572,1.528490688658624e-05,-0.04098211065947847,-0.023919793238715757,-0.025645128046620783
232,12-0.25-0.pcd,-0.020739733377868587,-0.0059760469424292575,0.23387775137008793,-5.587420335551076,1.5940601281570225e-05,-0.04379679652722347,-0.03349319293775144,-0.031794065156383
233,12-0.25-15.pcd,-0.014454582510647632,-0.0023628181148125545,0.23422394281488162,-20.968544512975207,1.949866736555406e-05,-0.043367321415431405,-0.03144102844688085,-0.032937526417207236
234,12-0.25-30.pcd,-0.011730141178444627,-0.0036381857179342988,0.23691602611047374,-35.66879186183728,2.1480261482684857e-05,-0.04689823297557934,-0.03025419210340703,-0.028420727597103738
235,12-0.25-45.pcd,-0.007835635170267733,-0.0019939739836835795,0.2367130594688901,-50.39596850060437,1.5008127860056406e-05,-0.043991815262136386,-0.03078876057829392,-0.02925441150256564
236,12-0.25-60.pcd,-0.004841838518324121,-0.0011144283660997711,0.23378042742234056,-61.77132952073002,1.81997132329995e-05,-0.04463067380727294,-0.030589129381423292,-0.034886524653499285
237,12-0.25-75.pcd,-0.0012828635079133873,-0.0005098525312627379,0.23343801667411004,-71.71722318572984,1.9560457634667204e-05,-0.04783302156277794,-0.02993829907367823,-0.03355445333938756
238,12-0.25-90.pcd,-0.0010884583574513962,-0.0012393180897701133,0.23238888660217114,-85.45543309700754,1.8730389327423804e-05,-0.047799118263607374,-0.02941118086903286,-0.03412566522140967
239,12-0.35-0.pcd,-0.022748673721962053,-0.001999184614568196,0.33869205857701806,-13.868765448175731,1.526975359894772e-05,-0.039656859502549976,-0.03336704104635358,-0.025969376256622493
240,12-0.35-15.pcd,-0.015083725702488854,0.0007263632778509739,0.3386503536927194,-23.274566039030134,1.8396651373975403e-05,-0.04431543659826593,-0.03444269975193348,-0.027587660546310958
241,12-0.35-30.pcd,-0.010082934028433686,0.002483512753484471,0.33946900661662205,-43.00330307357655,1.531513245830006e-05,-0.04152836854204785,-0.0321867070285016,-0.027050634628738246
242,12-0.35-45.pcd,-0.0036655700848232417,0.0048711216371269146,0.33985060084379015,-54.680222053648485,1.4316235359521286e-05,-0.04120615608920454,-0.030496642498119914,-0.026384368625775034
243,12-0.35-60.pcd,0.0024986884190239048,0.005350253022763792,0.33868810222176526,-63.529258028715915,1.4206369224652786e-05,-0.0418582313056735,-0.02983507688648162,-0.02758265872886384
244,12-0.35-75.pcd,-0.0010746232567655938,0.0032202639547860177,0.3386334550733561,-75.55469917558935,1.431563414307515e-05,-0.04193832394741042,-0.028444405526388845,-0.026798817241783183
245,12-0.35-90.pcd,0.004200732563023157,0.0027167561408063426,0.3381420825273602,-86.70757832463741,1.2938662560041938e-05,-0.04076545295685926,-0.02818488153500671,-0.026107467711824095
246,12-0.45-0.pcd,-0.02470808541241534,0.002060729292415003,0.4396577113162345,-17.871281003709928,1.456233038998556e-05,-0.040228032252974166,-0.03148169631882469,-0.02687430185192652
247,12-0.45-15.pcd,-0.018057260346424457,0.003586824704277523,0.4413940817164771,-28.274132893658887,1.47458620497098e-05,-0.040846859673550735,-0.03214331159051128,-0.025128218088039056
248,12-0.45-30.pcd,-0.00613692767619098,0.010471396960575014,0.4409091221097843,-42.60396624090932,1.5400444844222786e-05,-0.0409574552769746,-0.03177588327308363,-0.025741225774232046
249,12-0.45-45.pcd,-0.0035497448888830775,0.006896943413313976,0.4402090979389038,-57.075267760908005,1.4674615351974004e-05,-0.041750050067356353,-0.02988392830351702,-0.026175981468160914
250,12-0.45-60.pcd,0.008844436246275685,0.009553626097665129,0.43855094025305447,-65.40592008116153,1.5375748298551233e-05,-0.04307363603184025,-0.02869438076040916,-0.027060478219533335
251,12-0.45-75.pcd,0.009999087303490466,0.0057957010285363654,0.4382367393097056,-75.31870183908931,1.4092073067795532e-05,-0.04137582207591236,-0.027816304531258843,-0.02639118805741575
252,12-0.45-90.pcd,0.014704920952795025,0.003747636810248275,0.4365296049683054,-88.52657901720548,1.1792226306064983e-05,-0.03967679336917804,-0.027535782944873455,-0.026510018091983945
253,13-0.25-0.pcd,-0.023640488671401717,-0.00628807822433212,0.23328775612456493,-10.51013902442862,1.4317829513181875e-05,-0.038802802994634324,-0.03235738042238141,-0.032140410722478946
254,13-0.25-15.pcd,-0.017004174918655836,-0.0014573250038783815,0.23357953312392982,-27.425841411066717,1.8338776279623007e-05,-0.03914923463118357,-0.03211663521829434,-0.03159373302749979
255,13-0.25-30.pcd,-0.01357999485350245,-0.0004916003467863926,0.23411299868544405,-41.388240822861555,1.7504770962001705e-05,-0.04008882723299311,-0.02965498164555097,-0.030279440126508073
256,13-0.25-45.pcd,-0.003596912676883393,0.004536061745070753,0.23477512422124844,-54.24727609696048,1.715791000503414e-05,-0.04089981258273341,-0.03014284541251881,-0.029090665288373455
257,13-0.25-60.pcd,-0.007723926425486894,0.0011876943849096725,0.2308546122913104,-66.30404125249343,1.66186342447571e-05,-0.04004556409316147,-0.02867012043134309,-0.036610401334843945
258,13-0.25-75.pcd,-0.003951017630296284,0.0015245457348163794,0.2313095175286285,-79.81619787985494,1.7669621540049862e-05,-0.0412118188894153,-0.028848346527958743,-0.03456351681326378
259,13-0.25-90.pcd,0.0007496488287614548,0.0014756233560862364,0.2329818893459695,89.25276466030209,1.5467125766924665e-05,-0.039614014628004054,-0.028718541625248138,-0.029441331103247124
260,13-0.35-0.pcd,-0.025598805953813263,0.00252334008173669,0.33703472486781677,-16.492334770150052,1.614978287274702e-05,-0.037845510460251,-0.030246005809321897,-0.028325374862992247
261,13-0.35-15.pcd,-0.01874440375618548,0.0035630521533302935,0.3376475181306822,-29.56509568119801,1.5672264320873862e-05,-0.03854908023995603,-0.030328505129765836,-0.029314572088087465
262,13-0.35-30.pcd,-0.00989088874340493,0.008722237267830701,0.3378467027969182,-43.79476580537404,1.5590506387939534e-05,-0.039007590550444254,-0.030823635693835887,-0.02899479671155386
263,13-0.35-45.pcd,-0.003199978034135078,0.00856443513669622,0.337548866842341,-59.36647755650022,1.6090348958645563e-05,-0.0411243993142885,-0.0294381673191155,-0.028905511115906446
264,13-0.35-60.pcd,-0.0006231264790209901,0.007306130847483609,0.3375294729513598,-70.89138755166519,1.6774665730232106e-05,-0.040783446078114856,-0.03055720500531163,-0.02800289879183787
265,13-0.35-75.pcd,0.0006264734137008659,0.006698069446917495,0.3366495919342904,-81.08113524816882,1.3069608537134174e-05,-0.04049564874298052,-0.02717981016338466,-0.02799657619535839
266,13-0.35-90.pcd,0.0038613148417416584,0.004806074854959954,0.3357434264507881,89.08360314074787,1.2487923120947607e-05,-0.04002091791830817,-0.027254637444568568,-0.028105885550249014
267,13-0.45-0.pcd,-0.02753774698165561,0.005925402675014196,0.4388229618431202,-19.00221450212421,1.4472181636451618e-05,-0.03722226784715048,-0.028552888478523206,-0.02805788680751753
268,13-0.45-15.pcd,-0.017968537497249786,0.009524523189187856,0.43887525520088555,-33.26285105448848,1.7126266307955595e-05,-0.039296002030714844,-0.03111263032882236,-0.028795082723196478
269,13-0.45-30.pcd,-0.005950404697931011,0.014499224733798539,0.43947862108346175,-46.75929574585295,1.6384242229838236e-05,-0.03766789482133792,-0.030209234403476337,-0.02761303104096352
270,13-0.45-45.pcd,-0.00164184507604178,0.011981727741254713,0.4387770396616033,-59.354281256779984,1.5155460882718669e-05,-0.03924043491810468,-0.029451390132085902,-0.02838276112633076
271,13-0.45-60.pcd,0.004168025349797152,0.013596972368900468,0.43860279946707353,-73.7965966390232,1.5560238492563744e-05,-0.03977021992746023,-0.026830387041124545,-0.028045783598677043
272,13-0.45-75.pcd,0.015872740069957578,0.011934422096478315,0.43805515004011003,-79.59288455888638,1.2147099629886383e-05,-0.03825178020737288,-0.02735307744733209,-0.028116653933568825
273,13-0.45-90.pcd,0.014684215494084905,0.00936588630497365,0.43751295043916977,84.74273313327494,1.4437172599811299e-05,-0.04038296279596334,-0.025909028504413168,-0.02835545855429622
274,14-0.25-0.pcd,-0.020376623989300516,0.0007947435250942581,0.23558040175707115,-7.794345471071279,1.6052692639144815e-05,-0.041196576957764124,-0.031889230193601376,-0.028229776695821832
275,14-0.25-15.pcd,-0.011577893244342871,0.006369215330909054,0.23584817299037167,-26.05303862729973,1.907793849962673e-05,-0.043361696187551244,-0.03249426038577923,-0.02959274850016036
276,14-0.25-30.pcd,-0.0034881735251620677,0.008244920429947572,0.23662956291644066,-42.563978515476386,1.681797856438135e-05,-0.041562598596645677,-0.03027969908626639,-0.028182174780741948
277,14-0.25-45.pcd,-0.003606274532833242,0.003344380306470325,0.2369370399796045,-51.185415356624866,1.685111449179647e-05,-0.04329357891824732,-0.029304920080193267,-0.02810958681687073
278,14-0.25-60.pcd,-0.0008074880121556434,0.0024603776631129757,0.23595526551985635,-63.90213607315555,1.734286633162001e-05,-0.0447371049676764,-0.028337492970881815,-0.027616647665620168
279,14-0.25-75.pcd,0.002407967164153808,0.0021535691912620567,0.23531679926354152,-77.0594216172653,1.6406613208092128e-05,-0.0434517365265636,-0.028093616598058747,-0.02774012181881372
280,14-0.25-90.pcd,0.0027799926610210615,-0.00040507732820390014,0.23397433397561665,-88.67168197423649,1.900755915337519e-05,-0.044395161464345745,-0.027810224975048096,-0.028775311598388142
281,14-0.35-0.pcd,-0.02134765873294357,0.009125532690690573,0.3382915482849173,-16.981775847779932,1.7650791220974324e-05,-0.04083360655559164,-0.03172002866019051,-0.027355281871129792
282,14-0.35-15.pcd,-0.01008696954162633,0.012647030221876387,0.33890823292757505,-39.12613976195463,1.5633732022960288e-05,-0.03865908626894392,-0.03090877888177867,-0.027443969846651373
283,14-0.35-30.pcd,-0.004786228512176266,0.011479342035937349,0.33886543186156226,-47.43531473150894,1.643080703322505e-05,-0.037911584154751016,-0.02727994665712325,-0.027371155633506398
284,14-0.35-45.pcd,0.0031584116354821503,0.011152987147770235,0.33868003853260914,-51.28265841326447,1.4568389507936464e-05,-0.03999434587970386,-0.028934718425953132,-0.027606653042048235
285,14-0.35-60.pcd,0.012719259021804135,0.010029190439611228,0.33803715770198767,-66.88308934765907,1.6037729238126826e-05,-0.040597205883652746,-0.029559683019010543,-0.02706942603372742
286,14-0.35-75.pcd,0.010266465826008753,0.0055418434206456705,0.33774281033477876,-80.13653174704147,1.4885557300755427e-05,-0.039315211606112344,-0.027228272750834615,-0.02715986334135534
287,14-0.35-90.pcd,0.012670817161018429,0.0022190505976627632,0.33649821480659653,89.74218978519218,1.566790407556444e-05,-0.04132619318531096,-0.026437335467585785,-0.028117177940264415
288,14-0.45-0.pcd,-0.025557815762496383,0.008422447495606222,0.4387031769209443,-20.214650728982004,1.5516981532642373e-05,-0.03758769828568011,-0.028029166951143467,-0.02696135117863324
289,14-0.45-15.pcd,-0.00909452848939324,0.01826218969365744,0.43768317718911504,-43.37411165708801,1.650810207598489e-05,-0.036473770625114296,-0.029957567488892736,-0.03031077660763465
290,14-0.45-30.pcd,-0.00592670618903136,0.013711789760747863,0.4395509767216588,-45.82306031219387,1.542662789556196e-05,-0.0376657224935672,-0.029206972513344504,-0.027230044182496197
291,14-0.45-45.pcd,0.008828780041078179,0.016405930286503705,0.4392746494385537,-61.15668048083098,1.4951965102986033e-05,-0.03743256066569445,-0.027902432437144846,-0.027581364431587766
292,14-0.45-60.pcd,0.012128242488576368,0.011683391476586988,0.4387722160477537,-68.24497649927686,1.5136341091727278e-05,-0.03658759027743484,-0.027499669461875806,-0.027205891555041665
293,14-0.45-75.pcd,0.01521036854755552,0.008940487749269393,0.43814215955337843,-79.07933055759997,1.5072823266828999e-05,-0.03875710130046323,-0.027085198204640858,-0.027197411592433995
294,14-0.45-90.pcd,0.017268053366675733,0.0044990814126888625,0.4369972913842251,86.49599036691966,1.093117136439665e-05,-0.0369038516098598,-0.026560989967394116,-0.02719732293928823
295,15-0.25-0.pcd,-0.017268857033146758,0.0024840717339257275,0.23455940552277854,-12.459725503717983,1.4599170393588726e-05,-0.03904681386194481,-0.03028089395311286,-0.029355726955574257
296,15-0.25-15.pcd,-0.009317681727183424,0.003873252212176257,0.23479780106694897,-24.115929699650437,1.6250461461414818e-05,-0.03932374049425515,-0.027317392554786518,-0.02914410196418285
297,15-0.25-30.pcd,-0.0031659826707365313,0.004641942686383307,0.23542935243656724,-39.89913891667236,1.5323808351041677e-05,-0.04026094262342711,-0.02701801555939072,-0.029001802927725223
298,15-0.25-45.pcd,0.00018937405562877878,0.0019164561028677056,0.23464241690364981,-51.22880716435976,1.6179758743477016e-05,-0.040955855357174345,-0.026745248904089886,-0.02966460039513749
299,15-0.25-60.pcd,-0.0021523221853212574,-0.0015410134918097318,0.23390068158309646,-67.31338492023058,1.6061004294393543e-05,-0.04215779461683204,-0.02716994010544252,-0.0305795018722726
300,15-0.25-75.pcd,0.005619087045913229,-0.0009941753455198668,0.23295908075568653,-78.12292984605355,1.5716156762008356e-05,-0.0412086889522361,-0.026463319016904904,-0.030867421614153123
301,15-0.25-90.pcd,0.003449747044681733,-0.0029930639179997142,0.2307817392807904,88.00836614598258,1.59134037926747e-05,-0.040197646171325804,-0.026791918332100727,-0.03398013575254957
302,15-0.35-0.pcd,-0.020754321694485277,0.004529838494355355,0.33760436976731806,-19.547978805279886,1.5018366876513025e-05,-0.03879624291561884,-0.030154690183515503,-0.0283121607090836
303,15-0.35-15.pcd,-0.01045240571062833,0.007866900882525235,0.3377112155690418,-34.16918656620787,1.5259894334641507e-05,-0.0393329492170644,-0.02778298926043225,-0.029009013178911025
304,15-0.35-30.pcd,-0.0005786888700354303,0.010864180024837694,0.3383820362062279,-45.636816662159525,1.5194326334591039e-05,-0.04012430740831214,-0.026731301851210653,-0.028517928361403825
305,15-0.35-45.pcd,0.003868841324770208,0.007725937159919401,0.3378974913868062,-56.9256734145272,1.4260436381968674e-05,-0.038059068040085714,-0.02653636657775255,-0.02950844190187052
306,15-0.35-60.pcd,0.008888362554272113,0.005735767346607819,0.33839108852524247,-67.96868102072447,1.4184309235025746e-05,-0.038770614158415415,-0.025217724660589382,-0.028022587021715506
307,15-0.35-75.pcd,0.008902399575813432,0.0026815751134608022,0.337939433527186,-81.61246027978424,1.3388479918435734e-05,-0.03937030543209641,-0.02450966768281459,-0.028041559692038035
308,15-0.35-90.pcd,0.011519695917489492,-0.0005331527697242027,0.33713729397511955,86.91242281645947,1.2276070325497766e-05,-0.04015798449065425,-0.02471047508423161,-0.02771575238909818
309,15-0.45-0.pcd,-0.02044314141528467,0.013468512867573394,0.43900888651155423,-17.546784807730706,1.3111359713558999e-05,-0.037533241150679894,-0.025148233819462493,-0.028068985752462087
310,15-0.45-15.pcd,-0.012292224265472685,0.008329665139139695,0.43917722314447094,-22.857482850571156,1.3197778036242784e-05,-0.036891790647036744,-0.025990900878770658,-0.027450038389266962
311,15-0.45-30.pcd,3.4864235006723463e-06,0.015505249452650447,0.4385224463716202,-41.46381736267797,1.331248512467126e-05,-0.03725123687951513,-0.024719224057272334,-0.02902761621408184
312,15-0.45-45.pcd,0.006178593527014044,0.0119403767935183,0.4379150340911726,-56.689630545945626,1.3134743472196014e-05,-0.03943867219090971,-0.024929160289455136,-0.02833705881760512
313,15-0.45-60.pcd,0.010245913601755315,0.007477118269959258,0.4368546856762571,-67.58725741436741,1.3280753332243215e-05,-0.03813479911681132,-0.024317169399716496,-0.028223149862300234
314,15-0.45-75.pcd,0.016702734261767854,0.005672123854577158,0.4357228112244436,-82.29757447183344,1.347049815150894e-05,-0.03991361010213082,-0.024631686586892756,-0.02893791895714104
315,15-0.45-90.pcd,0.024426536702622622,0.0008947588472154956,0.43489440214581404,87.54285999148428,1.2753475876080003e-05,-0.037598925360026826,-0.02380558647244381,-0.02902267251946461
316,16-0.25-0.pcd,-0.023936526694563354,0.001083421395855355,0.2356372668804022,-10.15470996782204,1.430178674368457e-05,-0.04019784631862053,-0.02992336850630879,-0.026819657224189025
317,16-0.25-15.pcd,-0.01748977779589773,0.00131722611466126,0.2323456685935153,-24.21415105088121,1.5139985175400575e-05,-0.04262354609191364,-0.030179765922864026,-0.03472194560007047
318,16-0.25-30.pcd,-0.009064709575286429,0.006554056124727741,0.23399398490646012,-38.253424718623336,1.478990035794442e-05,-0.04050976128105978,-0.029168928036896975,-0.031246170581780947
319,16-0.25-45.pcd,-0.004967067515812835,0.005005341790696266,0.2332853683054187,-50.65818210980075,1.5350899890091948e-05,-0.04211049034763367,-0.028315819269086454,-0.031351735126294994
320,16-0.25-60.pcd,-0.0035502753069509047,0.004350479879850679,0.2343260524414069,-63.73013610384714,1.4536231759154602e-05,-0.041400451592062584,-0.02887028843436397,-0.028254915477201104
321,16-0.25-75.pcd,0.00011904587237834958,0.004546890275591868,0.2304876368333574,-76.36946762388291,1.3689126758074832e-05,-0.04097010308885631,-0.027439542203672757,-0.03472634725588114
322,16-0.25-90.pcd,0.0019087470781229579,0.0037267474083928823,0.23051290639376226,-88.9458749653994,1.585563742784966e-05,-0.04263816866415997,-0.029088306035259286,-0.03242606089054739
323,16-0.35-0.pcd,-0.02611646999543663,0.0065733416474378845,0.3389040487129354,-12.09375053503649,1.4237390421274548e-05,-0.04118487697176458,-0.029438157182218077,-0.026064030017304618
324,16-0.35-15.pcd,-0.015334801990930826,0.009838503338538685,0.3397366019760811,-30.96258254047714,1.3002707949641635e-05,-0.04036499625111596,-0.029669834774041903,-0.025831637188621696
325,16-0.35-30.pcd,-0.008883849370661332,0.011250154528943557,0.3390458956526284,-42.52579640092482,1.4405425982858176e-05,-0.03967610312692173,-0.028958829780791125,-0.02678621315011559
326,16-0.35-45.pcd,-0.005011341312350807,0.008757571665514888,0.3392645113727835,-56.33912764447422,1.3012546814421439e-05,-0.040851282358148264,-0.02697759773285447,-0.026627488945136505
327,16-0.35-60.pcd,-0.0012556537974481557,0.008076632714802983,0.33931185385221924,-66.82439799665005,1.4666793205674368e-05,-0.04234339728196866,-0.029887270860833433,-0.0263246461492051
328,16-0.35-75.pcd,0.005717393043478932,0.008936608600791367,0.3381889673355366,-78.23710166577483,1.1176188254928244e-05,-0.040406460672092644,-0.025874949661199083,-0.026936099514421278
329,16-0.35-90.pcd,0.008745151070265798,0.0061222607642699555,0.337739707546957,88.84059270430893,1.335240124491143e-05,-0.041695316719377325,-0.02515826441362131,-0.025577109074839014
330,16-0.45-0.pcd,-0.028049669585985242,0.006463979922850056,0.43963615191508604,-15.311809734930424,1.1846763803637312e-05,-0.03795327867437676,-0.028766631754585825,-0.025838169544343093
331,16-0.45-15.pcd,-0.01559672583931061,0.012425083890298585,0.439814676729327,-38.04123464527587,1.2643794138927289e-05,-0.03769661424803051,-0.028597936401050225,-0.025659070421318986
332,16-0.45-30.pcd,-0.009708797920796052,0.012555826309746622,0.4397577989961495,-48.05310309674124,1.3499631395704059e-05,-0.04082528775200829,-0.026555144076250838,-0.026122437458594105
333,16-0.45-45.pcd,-0.002829957350467463,0.01225140298085202,0.43978901571775564,-54.55760774681084,1.2342231811624038e-05,-0.04077724176853685,-0.027675292854906317,-0.025663117971754412
334,16-0.45-60.pcd,0.009975143813475093,0.014018085349823047,0.4388031917974916,-67.99774128396777,1.4015703628570579e-05,-0.04027847672368845,-0.026123912771111302,-0.02617991927811553
335,16-0.45-75.pcd,0.011253388653545688,0.010926774792810396,0.4387535140635866,-79.64132952915176,1.2754094842896525e-05,-0.03940744925997747,-0.025029362480213396,-0.0263835961055956
336,16-0.45-90.pcd,0.010838939751535914,0.007015504567250008,0.4383509486827478,86.09846842347007,1.5911427695948753e-05,-0.04173664220290479,-0.028027614026093838,-0.025906088116210202
337,17-0.25-0.pcd,-0.020958105367411977,-0.000666091460427596,0.2351263951388544,-10.978652786910517,1.3965910072650606e-05,-0.03925725906312068,-0.026513538340079648,-0.029733814090826788
338,17-0.25-15.pcd,-0.011003223724585056,0.0050882207229527064,0.23389976364490284,-25.110453510091503,1.583598585619175e-05,-0.03937232591132541,-0.028712594999487133,-0.03335857672193418
339,17-0.25-30.pcd,-0.009419906306438998,0.0008920822260316417,0.2363119575555234,-36.95089006163504,1.4366797788311315e-05,-0.039757788408063106,-0.02600344569692263,-0.029504146588046398
340,17-0.25-45.pcd,-0.0035791752614048426,0.002503804153031182,0.23448355363566908,-50.01007604755453,1.4201244231703224e-05,-0.041320243419165674,-0.0259591983246744,-0.03319716430044986
341,17-0.25-60.pcd,-0.0002197189706231065,0.001708005271386901,0.233682800014667,-62.63557011463693,1.4745184600638847e-05,-0.04138860474231862,-0.025676873870477207,-0.033674939345543414
342,17-0.25-75.pcd,0.002019678711920122,0.0014003983101499116,0.23295758676074274,-76.4276115182301,1.547270037063413e-05,-0.043686308692953674,-0.025633467584887142,-0.03390330750484383
343,17-0.25-90.pcd,0.0016657228122299032,-0.0002732868304170181,0.23255146484917552,-88.59633938452475,1.4134872221601645e-05,-0.04085533168540627,-0.02553831239738441,-0.033627161051960064
344,17-0.35-0.pcd,-0.022380039760312352,0.006358226488473034,0.3386865641440936,-12.318213553472708,1.353932495690086e-05,-0.038364865228199665,-0.02616723463866126,-0.026870157050042365
345,17-0.35-15.pcd,-0.013442404092162939,0.008070735303249657,0.33844804091018243,-27.140503541445746,1.3373540060716873e-05,-0.03887538814430109,-0.02646925673873466,-0.027924389761571577
346,17-0.35-30.pcd,-0.009355831353198979,0.006310997045730001,0.3388738817431632,-39.57630333977015,1.2891316410996656e-05,-0.039163946233369176,-0.025454899772411395,-0.027514826049075236
347,17-0.35-45.pcd,0.0015414752911188326,0.009337976061622543,0.33903508958826717,-52.491045512257294,1.1387470019319038e-05,-0.039588017213857865,-0.0263337652438652,-0.02721200860457146
348,17-0.35-60.pcd,0.004945978469012514,0.007355926274766024,0.33823922960917935,-65.31752333141144,1.3555854785172936e-05,-0.03926579168678025,-0.02490311699922869,-0.0272189062397451
349,17-0.35-75.pcd,0.010229719843896827,0.005260730678067959,0.3376869441444447,-78.4303106017144,1.4386626862505703e-05,-0.04272447540880922,-0.026974118563489677,-0.0267692786204351
350,17-0.35-90.pcd,0.009936268777998379,0.001168332587287449,0.3366918300660651,-89.37426978208747,1.0091422419448374e-05,-0.03985939824548535,-0.02440488237967702,-0.026439263070536234
351,17-0.45-0.pcd,-0.025309265490983772,0.005747244364440005,0.43980730092542414,-14.540013137228271,1.2248669774924062e-05,-0.03809464185570575,-0.026854243314155774,-0.02640744856270361
352,17-0.45-15.pcd,-0.011309781262496342,0.013113424407474115,0.4405234231359439,-42.663555622767745,1.329267625577964e-05,-0.036683727705153824,-0.027337431189701528,-0.026382489397422826
353,17-0.45-30.pcd,-0.00487902573284179,0.013051973354098216,0.44030226248602916,-40.41296189120014,1.1684113952853427e-05,-0.03974968266927763,-0.02664387554301937,-0.026777281474342333
354,17-0.45-45.pcd,0.008893834266265045,0.016140327534196846,0.43961262561707504,-56.72980799663831,1.2822444859187782e-05,-0.039329309871402374,-0.024895120696326146,-0.02711600763897548
355,17-0.45-60.pcd,0.011676035903625492,0.010598350902437685,0.4394907617593297,-65.23893616803127,1.2528105903987522e-05,-0.03937877684096665,-0.024293091011295308,-0.026796038623445376
356,17-0.45-75.pcd,0.015394691440756956,0.007433750526318289,0.43895926133851665,-78.82338779071088,1.2260668078870377e-05,-0.03818288586439574,-0.022382480612649792,-0.02692972166806024
357,17-0.45-90.pcd,0.012964052590923066,0.002348343735482282,0.4376184813127419,-88.77860636978937,9.936356371723272e-06,-0.03832030679041393,-0.0228778769941536,-0.027295600892562003
358,18-0.25-0.pcd,-0.015718785449640494,-0.0020977441346597962,0.23471465384541446,-1.617405475547987,1.65251066326314e-05,-0.04287428397110417,-0.028788902427681395,-0.030434670671273922
359,18-0.25-15.pcd,-0.007433099588397139,0.0021694997522053484,0.23573245646385604,-15.36573883201017,1.5016571210465773e-05,-0.04230431761018112,-0.031032685552260075,-0.030292681769311047
360,18-0.25-30.pcd,-0.004109427641967862,-0.0006186723245603146,0.23600486449173938,-30.051595396407464,1.542618214689057e-05,-0.04103839947306076,-0.029330910602363855,-0.029273788553453032
361,18-0.25-45.pcd,0.0010737377247766538,-0.00019461220174370392,0.23623325228253045,-41.64647990025966,1.577964061846328e-05,-0.043224064586446245,-0.028383272922956677,-0.029150053273213933
362,18-0.25-60.pcd,0.0024864115785148367,-0.002307243784232556,0.23474738806754814,-59.448280459932334,1.733488681020882e-05,-0.04294168093372798,-0.028444284198286828,-0.030522779097229034
363,18-0.25-75.pcd,0.004104508755992644,-0.0034537268886227586,0.2346896197990288,-70.18520845004612,1.5481156030155294e-05,-0.042915098508744504,-0.028084973830293066,-0.029063823706792283
364,18-0.25-90.pcd,0.0024621090401124365,-0.006106386925441579,0.2333752600145228,-81.83332965652481,1.6458619593129374e-05,-0.04351895218227011,-0.027900914017175947,-0.030741981734785817
365,18-0.35-0.pcd,-0.01762921562413668,0.0023856495635280325,0.33774493057761995,-4.086045647890469,1.4800306899870438e-05,-0.040844366067453744,-0.030551440898892862,-0.028536142472697482
366,18-0.35-15.pcd,-0.009232865477635783,0.005073728682041196,0.33821120602334953,-25.549509454799917,1.6968838652181674e-05,-0.04170342456044303,-0.031064320350215207,-0.0289607340892612
367,18-0.35-30.pcd,-0.004405121888613178,0.00348732692852051,0.33820650583435363,-31.585504317234463,1.4407720840529646e-05,-0.04163890963960051,-0.030142220354757436,-0.029443536792259917
368,18-0.35-45.pcd,0.0010812882055304936,0.002973113384771113,0.3380095423992,-50.45305871963889,1.5007894703007638e-05,-0.042574736292465686,-0.028754024589402252,-0.029283319888371184
369,18-0.35-60.pcd,0.011276452811348503,0.0051775963706430315,0.3379551066281286,-59.51254355189929,1.5545294897915916e-05,-0.04257271457846526,-0.029836327033584575,-0.028142504919855652
370,18-0.35-75.pcd,0.0097251294763153,3.838782473799147e-06,0.33749115256548873,-69.76930313914336,1.4251915494928858e-05,-0.04283957653715874,-0.02708059120297029,-0.028021341445554182
371,18-0.35-90.pcd,0.011034673576611434,-0.002716481974579844,0.33645697395645235,-83.01917663891705,1.4402695418004347e-05,-0.041850873567953584,-0.026649244105343944,-0.028447051130212064
372,18-0.45-0.pcd,-0.019222420479679304,0.008988396090792926,0.43853526548096144,-10.086787531530536,1.5096527386920082e-05,-0.03956014707708487,-0.030531079824750434,-0.02859711103453844
373,18-0.45-15.pcd,-0.009084231058470959,0.010137628833959635,0.4392625596868774,-24.17164524673173,1.514287927073761e-05,-0.039897516183947455,-0.03068322893607786,-0.028048038260704122
374,18-0.45-30.pcd,-0.002226122068378453,0.009811641067351549,0.4395674914475529,-35.134401258485326,1.4712949858484357e-05,-0.04067972845529651,-0.02940267375312136,-0.02798023212139006
375,18-0.45-45.pcd,0.006058697924149625,0.009182864131802061,0.43843689831309723,-52.65708683139382,1.4913192591380428e-05,-0.040849882553684144,-0.02770224164318088,-0.02845313918770437
376,18-0.45-60.pcd,0.01488628175345907,0.009140084434688932,0.4387199949139888,-61.51238188753838,1.5434880833382187e-05,-0.04094995266516606,-0.028659225867164413,-0.027743889172583358
377,18-0.45-75.pcd,0.014799745763938988,0.0048269565534586265,0.43770026835435966,-70.85121271772125,1.3995661297664204e-05,-0.04184025588980015,-0.026122563494192168,-0.028575043923090127
378,18-0.45-90.pcd,0.017412249081011476,-0.000258078741300518,0.43720016824829905,-84.27894837056861,1.4078314387822075e-05,-0.042606828756765386,-0.025727129560741493,-0.02785713284654112
379,19-0.25-0.pcd,-0.020867289566151366,0.004006849428900577,0.23374950879020978,-2.4327601835654775,1.8140540948120813e-05,-0.04133712168589286,-0.028763457286424505,-0.03052306176358746
380,19-0.25-15.pcd,-0.012418609309209922,0.005745763458780586,0.23446804196903237,-20.37025568349164,1.7364698248668197e-05,-0.040707048858427214,-0.032207554217165764,-0.029511391247234512
381,19-0.25-30.pcd,-0.00577899645599582,0.008553855252497324,0.2356195579733094,-32.86626715291262,1.4453089241769136e-05,-0.0418583820820081,-0.02996695609263518,-0.027987036866441082
382,19-0.25-45.pcd,-0.002102638573225024,0.004471759058990452,0.2342942020755792,-46.183542054309314,1.6870367868261517e-05,-0.04257778836430232,-0.029576374661527065,-0.03029929755444352
383,19-0.25-60.pcd,-5.485537106762384e-05,0.0026889159586526057,0.23341289376700963,-57.53807104717881,1.526720372553365e-05,-0.04208283588037049,-0.028224486685292045,-0.03172645244669514
384,19-0.25-75.pcd,0.0027831454960033086,0.0020483879325781424,0.2336447371161408,-70.93096608282433,1.5433371870000484e-05,-0.04044726922141114,-0.028187842674686582,-0.03014493405710908
385,19-0.25-90.pcd,0.004777287008866855,-0.00013484283833165863,0.23141251559060735,-84.92909747666083,1.702072421435101e-05,-0.04203818249649239,-0.02796354945578158,-0.03288757905690798
386,19-0.35-0.pcd,-0.023897395361239346,0.004742287853729994,0.3386357689877142,-8.709968293835447,1.5982506932328695e-05,-0.039875801918605534,-0.02800195968031748,-0.026806174772255276
387,19-0.35-15.pcd,-0.013045795354928821,0.010134786119249495,0.3390569993231557,-23.003065928389432,1.5906696743748064e-05,-0.04068166044109445,-0.03174887240166825,-0.027493523095219297
388,19-0.35-30.pcd,-0.007205457441643644,0.008995497955910849,0.33920717749368595,-35.967000145599386,1.650779046881032e-05,-0.040777565133231206,-0.02931516347199701,-0.02752890128143959
389,19-0.35-45.pcd,0.0030769773588864833,0.011376353525747847,0.33877423330405054,-48.85116809344021,1.405701280417872e-05,-0.04017002472433833,-0.028095289759343743,-0.027761326163115944
390,19-0.35-60.pcd,0.006447012885568017,0.0077400179534409036,0.33883843489134674,-57.95459085065665,1.6353552321179892e-05,-0.042019138057534246,-0.02955093943088215,-0.027387382467654875
391,19-0.35-75.pcd,0.007567799904159247,0.005770325055995613,0.3379328284513934,-73.4891683948145,1.3049854625761418e-05,-0.04087161039959966,-0.02666034667993522,-0.026816822707373567
392,19-0.35-90.pcd,0.012716607118501798,0.0025616495310686327,0.3369012586231622,-85.43929204219091,1.3026666639974754e-05,-0.04053793266843023,-0.027149449896427015,-0.026981023020030193
393,19-0.45-0.pcd,-0.024992657194194613,0.011571459139869017,0.4387887344975187,-10.521495504930883,1.5237586178657681e-05,-0.03930289899082375,-0.029863952791277387,-0.028542838079285093
394,19-0.45-15.pcd,-0.015838415543698095,0.010087232074711919,0.44012690262101706,-28.03427610941866,1.589364878268073e-05,-0.039446160493208114,-0.030479490566181173,-0.027022896418538667
395,19-0.45-30.pcd,-0.006867986663785413,0.013340327153569262,0.4403557468136802,-30.972645252868404,1.4035686401481167e-05,-0.03948704804492412,-0.02828757226065568,-0.026358344098792896
396,19-0.45-45.pcd,0.004090587411409091,0.014973034195011758,0.43940214555177154,-49.22438131953287,1.4979072869174584e-05,-0.03992182934928878,-0.028087797238777974,-0.027577427845919544
397,19-0.45-60.pcd,0.010598464471972062,0.0134063133644968,0.4387870387532781,-61.241114412622046,1.186021801469426e-05,-0.03927749488000504,-0.02621872148632395,-0.0276568674849324
398,19-0.45-75.pcd,0.013261506584201013,0.008686772375647184,0.4387491117346706,-75.50967207521121,1.1167033539361972e-05,-0.040658112288823364,-0.029574205338513043,-0.026884048600101688
399,19-0.45-90.pcd,0.017959852933040987,0.004835749043718316,0.4373553934270224,-88.04229601361304,9.940288469213578e-06,-0.04002954497774588,-0.025604690882454394,-0.027501766954021123
400,20-0.25-0.pcd,-0.015882423600034418,0.006811493952475233,0.23620380641520206,-0.932581405318711,1.7050759408632913e-05,-0.04156580710069382,-0.02988717403771131,-0.02765308726186827
401,20-0.25-15.pcd,-0.007661710282650377,0.006081234626619611,0.2359610483135994,-12.00473863918962,1.4038481959514536e-05,-0.041041181034762245,-0.029432495727276825,-0.029445544258503934
402,20-0.25-30.pcd,-0.0007919070707044238,0.006763427927728168,0.23578389049030782,-25.851581758625123,1.3856208926907251e-05,-0.038454372304236456,-0.030770934043499253,-0.030873827599345288
403,20-0.25-45.pcd,0.0030804047319224117,0.002322771404160832,0.2368666610506013,-41.44350574744432,1.5997129139803437e-05,-0.04167021373833868,-0.029773503213545174,-0.028990088917582896
404,20-0.25-60.pcd,0.003909769958414884,-0.0005824119748316288,0.2357848467473489,-51.657419586330924,1.4389925320652023e-05,-0.0398637796562028,-0.030451060590919118,-0.03108352485928015
405,20-0.25-75.pcd,0.007356084841032107,-0.0018661800646429419,0.2373704416031915,-64.5365863741776,1.3378197754838483e-05,-0.04042283247366171,-0.02884808230790092,-0.02619150893937747
406,20-0.25-90.pcd,0.008067754749472649,-0.004739176661994869,0.2367784165691686,-77.46762632811581,1.3887688889849109e-05,-0.038812611741440364,-0.0289854391495087,-0.025936135082090778
407,20-0.35-0.pcd,-0.017306111421979475,0.0092660599657423,0.3391702788564703,-5.19410093999314,1.2697564241239729e-05,-0.03712659623718287,-0.030872113429595022,-0.0254050449298035
408,20-0.35-15.pcd,-0.009021194274751088,0.00763909264276843,0.3388960682571542,-21.22575542107254,1.365006772803677e-05,-0.03647013149707044,-0.02887444385595512,-0.026035982656454182
409,20-0.35-30.pcd,-0.0007090040965660164,0.009050933955105036,0.3393271726954632,-29.638524286182765,1.3847993148979368e-05,-0.03749599811556598,-0.02965465273668508,-0.025714622390666745
410,20-0.35-45.pcd,0.007704799721593746,0.009136252582561536,0.3395938417350701,-45.15608217795449,1.2879447989145722e-05,-0.038559661432789744,-0.030647817561149544,-0.02531963870929921
411,20-0.35-60.pcd,0.010656570831126942,0.004742473596995705,0.33880593204224285,-55.45306823467614,1.3241949568984003e-05,-0.03734818341128339,-0.027470795207983036,-0.025215692550854374
412,20-0.35-75.pcd,0.012756166393293831,0.0014766880261517159,0.33772644080299097,-67.83635624072491,1.3003803110532393e-05,-0.03726482848605869,-0.02718449213510554,-0.026157136201659936
413,20-0.35-90.pcd,0.014945906830616534,-0.003416240071241923,0.3362793109455998,-80.72171469270397,1.2252506710628675e-05,-0.037130977800651686,-0.027153427278735258,-0.02601969148860339
414,20-0.45-0.pcd,-0.018952390167582264,0.011174835179843341,0.4406531715036113,-3.7636944737983917,1.2885201452770186e-05,-0.037355180618068556,-0.029265867123728716,-0.024725673087790057
415,20-0.45-15.pcd,-0.006523417217636233,0.017314182761117,0.44133192185270415,-21.350362547310755,1.2801552455507829e-05,-0.03712734520745664,-0.02926003013865814,-0.02477080577346436
416,20-0.45-30.pcd,-0.0007378391881416769,0.011782854821595114,0.4413837203038752,-26.97412600145673,1.2261789974207185e-05,-0.03582769835921859,-0.02782356077175334,-0.0253077626039262
417,20-0.45-45.pcd,0.010247198264089022,0.013871416142809073,0.44091101881441147,-40.2901526377707,1.2094859257564096e-05,-0.03665902639736852,-0.02802356976564176,-0.02548069151211846
418,20-0.45-60.pcd,0.016925138472669035,0.010845690262784093,0.44077354846021255,-59.51219472345094,1.2402613867624436e-05,-0.035392467368680305,-0.02745486178281701,-0.025008186098298912
419,20-0.45-75.pcd,0.020291183798085085,0.005399563816799253,0.44046405661260674,-67.62671912811567,1.3562535382183558e-05,-0.036660621246563815,-0.02961180735840608,-0.025050787021128673
420,20-0.45-90.pcd,0.020324546244600384,-0.00022146700010184734,0.4396119670789871,-80.819687643806,1.1152198935455544e-05,-0.03688177487725077,-0.026084694937279655,-0.02464847684740462
