no.,name,length,width,area_ratio,h1,h2,h3,h4,h5,h6,h7,h8,h9,h10,h11,h12,x,y,z,main_x,main_y,main_z
1,1-0.25-0,222.32408776378685,200.30227157973022,0.7603742239298704,0,0,1,31,774,1543,937,417,184,72,18,0,-0.01804924606051798,-0.007923122310032673,0.2267452632185066,0.28729098639217987,0.9082757017784021,0.3041367105378097
2,1-0.25-15,221.72054483064937,200.1449474755733,0.7508972119846149,0,0,0,24,772,1518,868,418,256,26,10,0,-0.012672870159378714,-0.0077346389720272645,0.22719129882579586,-0.47631165131993436,-0.8140253157566915,-0.3324003551804603
3,1-0.25-30,221.0701246211256,199.60210419732553,0.7452058595911248,0,0,0,39,737,1511,960,394,213,42,36,0,-0.009796608238823225,-0.006558692931007113,0.2275953762690743,-0.6363984621228982,-0.6932247136119465,-0.3382846343617234
4,1-0.25-45,218.82641522448793,199.80990966416056,0.7577357454355598,0,0,0,3,764,1567,913,368,198,61,48,0,-0.006883846828620103,-0.006837392733503298,0.22732505748342713,-0.7836951356757894,-0.5128997602966975,-0.3503651954827937
5,1-0.25-60,218.01146758828995,199.16073910286636,0.7587404913942408,0,0,3,52,561,1811,762,347,254,55,27,0,-0.0058603989850875456,-0.005638620260348635,0.22714489642820287,-0.8666120729291469,-0.3705637993211465,-0.3341646086678298
6,1-0.25-75,218.04815981796315,199.6722314193939,0.7444044039503462,0,0,0,0,599,1742,851,398,222,51,0,0,-0.005340051576659336,-0.00518203200850115,0.226781234227284,0.9304798811210866,0.19290690483449163,0.31143878515057366
7,1-0.25-90,216.92394980729998,199.90497742677644,0.7556467584107115,0,0,0,12,675,1747,779,413,184,64,22,0,-0.005501574953376294,-0.004055749203711537,0.22606645430441524,0.9437347673147336,-0.03244441860108736,0.32910795897857487
8,1-0.35-0,154.26276284314372,138.2316895650198,0.7896266248594386,0,0,0,0,400,812,380,165,95,58,18,0,-0.01934387187458507,-0.004361218641602707,0.329209317894192,-0.3582955293453708,-0.8528892412137583,-0.37974235459445443
9,1-0.35-15,154.80633061990713,139.01438774457844,0.7764294343141913,0,0,0,0,370,865,314,199,79,49,27,0,-0.012464864717861825,-0.0037846216297215034,0.32936503559642716,-0.5977319425041574,-0.7016035421271569,-0.3879033314948885
10,1-0.35-30,153.95129099815955,139.6710420953463,0.765723589356459,0,0,0,0,468,737,371,132,97,70,29,0,-0.008812880662829304,-0.003342022776554628,0.32981868992647073,-0.7005740012154165,-0.5852079840130019,-0.40832301462011644
11,1-0.35-45,153.63918770938616,138.10503249338888,0.7854995284253976,0,0,0,0,403,740,414,112,96,58,30,0,-0.004611095316288193,-0.0030354474550458735,0.3296759905288728,-0.7814200540613083,-0.4890355329396592,-0.38759121072754665
12,1-0.35-60,152.55163060419906,138.95682782792647,0.7822402620654452,0,0,0,0,289,819,424,161,93,36,2,0,-0.0008222922965986825,-0.0024704826671984727,0.32915493902412263,-0.8788720918733728,-0.33536996385501816,-0.3392798748378771
13,1-0.35-75,152.50573759698355,138.9280389266328,0.7664488789891413,0,0,0,0,294,849,389,170,89,35,1,0,2.845147214832987e-05,-0.0021870265684345823,0.3284116850410513,0.9287231641917667,0.15357701440240265,0.3374720506069754
14,1-0.35-90,151.64761785138597,139.60659010233005,0.7788481736370755,0,0,0,0,337,805,372,205,88,34,7,0,0.0014024311779274865,-0.003298233573122292,0.3272427720508671,0.9396223363541313,-0.055893903904233565,0.33761773728693234
15,1-0.45-0,118.20744477400736,106.16967551989597,0.8106743158432738,0,0,0,0,184,496,219,85,49,29,10,0,-0.020190696731529848,-0.0011249643768749967,0.4301682470429107,-0.36119057595370857,-0.8525588332178802,-0.37773642099272736
16,1-0.45-15,118.68024266911489,107.00467279516349,0.7981516814054684,0,0,0,0,235,476,211,86,47,40,20,0,-0.012207405865088772,-4.944393678922332e-05,0.4309321013632291,-0.5907476708796472,-0.6986869805121476,-0.40355135065204517
17,1-0.45-30,118.20744477400736,106.55045753069294,0.7865783969844412,0,0,0,0,127,528,217,90,38,19,13,0,-0.006706691230928281,0.0015572923340407025,0.43055913746124047,-0.6644624721490385,-0.6585025420004601,-0.35336104098290244
18,1-0.45-45,118.1905241548577,106.15083607772479,0.8063112936967115,0,0,0,0,319,386,171,136,69,30,16,0,-0.0004622453921197862,0.00117017565787933,0.4304228504525293,-0.7746485544071459,-0.46567404156495457,-0.427863651374454
19,1-0.45-60,116.49892703368559,107.07474025184464,0.8115219700597648,0,0,0,0,288,443,166,88,72,49,12,0,0.005427374939301431,0.001186686746046515,0.43005948966010815,-0.8610655645002753,-0.27183625904768727,-0.42973380353281593
20,1-0.45-75,116.70903992407786,105.94810050208545,0.7944941110792895,0,0,0,0,129,564,165,78,60,33,7,0,0.006727911188621622,0.0007171466652123546,0.4280836106853294,0.9034988300665827,0.14941190299356527,0.4017038054489374
21,1-0.45-90,116.43023662262307,106.38138934982942,0.8031641934365595,0,0,0,0,227,481,175,75,68,42,8,0,0.009021620453630105,-0.0021631405118866095,0.42781454241635725,0.9144969432913899,-0.06229281093302228,0.3997686160978215
22,2-0.25-0,207.95432190748045,156.52475842498527,0.7645161290322582,0,0,0,89,487,834,936,305,119,38,0,0,-0.016512435924608288,-0.0026995597455947346,0.22867802682336133,-0.12814223542474704,-0.947632854301441,-0.29252613720632337
23,2-0.25-15,206.15528128088303,157.74663229368798,0.7829878242728429,0,0,0,103,317,1138,815,320,35,99,0,0,-0.011351438852569519,-0.0034519736565404914,0.22982829431199142,-0.36823197656476675,-0.8705623567472692,-0.32638381462604055
24,2-0.25-30,203.3346994489627,158.68522300453813,0.7842879077560747,0,0,0,57,448,847,1036,286,73,17,0,0,-0.0065916750252934106,-0.0030550222248878402,0.22993468819826324,0.5157222904868619,0.8225773588449158,0.2395767263544342
25,2-0.25-45,201.75727991822254,158.75767697972907,0.7675180498502976,0,0,0,39,505,928,891,332,50,65,0,0,-0.003108046918324912,-0.0038974118765587214,0.22969761346975023,0.7199551870899247,0.6437088036577958,0.2594291900996508
26,2-0.25-60,202.20039564748632,156.31058825300352,0.7785531581250177,0,0,4,51,419,812,1023,349,47,20,0,0,-0.00023059785234678465,-0.003823241928792657,0.2288844465174314,0.8310373545196638,0.5102592168683593,0.22138754931984647
27,2-0.25-75,202.20039564748632,155.11608556174951,0.7811689502572301,0,0,0,29,450,830,1062,340,46,2,0,0,-0.0007318804539507046,-0.004639866985857198,0.22881186352663993,0.9343115839669793,0.29134414844808754,0.20537879936880757
28,2-0.25-90,206.22802913280242,155.64703659241314,0.7726773031927583,0,0,0,36,484,910,901,446,37,10,0,0,0.00022403505850283355,-0.0058963030268449155,0.22824544577549588,0.9678773901460126,0.08089504223843606,0.23805324989460833
29,2-0.35-0,144.9310180741169,109.59014554237986,0.800414965926209,0,0,0,0,251,629,306,137,87,31,0,0,-0.016925966106245676,-4.685029854265845e-06,0.33258894796668986,-0.1996022545729236,-0.9369296356314762,-0.2869177544957353
30,2-0.35-15,140.0071426749364,112.43220179290273,0.8179115284723741,0,0,0,0,262,564,381,142,66,29,0,0,-0.00990094576717106,0.0004459702755332323,0.33238104196675833,-0.48283700383567274,-0.8196975751599955,-0.3081628027582403
31,2-0.35-30,137.0,116.0,0.810470677070224,0,0,0,0,162,687,327,119,56,25,0,0,-0.005258515912021075,0.0007671918992587142,0.33192847406976733,-0.5898249361161498,-0.7572900020495098,-0.28038972436848153
32,2-0.35-45,125.19584657647394,124.19742348374221,0.7987651129599721,0,0,0,0,244,557,356,127,74,16,0,0,-4.919883144395881e-05,0.000705735465131005,0.3324508371542942,-0.7474798907194986,-0.5980695650956699,-0.28911348684598365
33,2-0.35-60,134.23859355639868,112.21853679316978,0.81485344465428,0,0,0,0,170,567,430,123,37,8,0,0,0.004915015123635206,-0.0005244393940449472,0.33155081483146054,-0.8549031758856801,-0.4432156403523232,-0.26963022087232374
34,2-0.35-75,138.36184445142382,108.29589096544707,0.8102632425483063,0,0,0,0,169,547,442,134,31,2,0,0,0.0065701376191064234,-0.0018545719574037775,0.3306751440830192,-0.9255721968610693,-0.27399060505780964,-0.26123793127689043
35,2-0.35-90,136.88316185711082,109.59014554237986,0.8026773797515524,0,0,0,0,148,567,447,130,34,4,0,0,0.007231568940974446,-0.004503642068977446,0.32962737832330863,0.97228909814383,0.0560244847248294,0.22696952822344937
36,2-0.45-0,105.94810050208545,83.81527307120105,0.8414349056377562,0,0,0,0,100,423,151,69,34,28,0,0,-0.019055189976024837,0.00411028899493168,0.4332964106086962,-0.23695285865441554,-0.9108425767738462,-0.33796322745452745
37,2-0.45-15,102.70345661174214,84.48076704197234,0.860488512042813,0,0,0,0,183,318,160,75,57,22,0,0,-0.010562331705608568,0.004356620432576692,0.434332892822087,-0.49822009825388164,-0.7786811043398314,-0.38135609532298453
38,2-0.45-30,97.0,87.0,0.8694158075601375,0,0,0,0,97,392,132,78,43,9,0,0,-0.0040093862182676385,0.0047289738098934735,0.4335835050732368,-0.618234084589176,-0.7218026368442094,-0.3111070074699856
39,2-0.45-45,102.7861858422619,83.81527307120105,0.8423628554558426,0,0,0,0,163,268,172,97,45,5,0,0,0.003441405655754667,0.005155553764679997,0.4334086984400011,-0.740441595949558,-0.5648901088024365,-0.3642051728968754
40,2-0.45-60,100.0,87.0,0.8459770114942529,0,0,0,0,145,309,172,75,50,8,0,0,0.008513506601661398,0.0028468983438471687,0.43325048628458585,-0.8549597092352405,-0.3890358981259752,-0.34306699863686796
41,2-0.45-75,106.0,81.0,0.8525506638714185,0,0,0,0,134,324,144,80,54,12,0,0,0.012590405642516053,0.0017163897768850307,0.43189787644385136,-0.8960405305346224,-0.1984364426941974,-0.39715783493480883
42,2-0.45-90,104.65658125507444,84.07734534343957,0.8259797192478535,0,0,0,0,162,288,145,82,46,15,0,2,0.014459440976243219,-0.0012653522682567542,0.43135037113513597,0.9228607178048964,0.00017849981745922728,0.3851338256638159
43,3-0.25-0,217.1128738697915,182.00274723201295,0.7162318128048516,0,0,0,25,797,1492,641,445,255,74,0,0,-0.030985854149906077,-0.004605805790099228,0.2271873134727805,0.1671271277906411,0.9181828432029393,0.3591779358538289
44,3-0.25-15,221.61678636782008,180.00555546982432,0.7280110299966015,0,0,0,0,778,1465,744,443,231,37,6,0,-0.02512025716117712,-0.00202017700639847,0.22751133124190054,0.38208701626267816,0.8651287567105648,0.324902672066446
45,3-0.25-30,217.90364843205356,180.42449944505873,0.7228509915407942,0,0,0,2,609,1636,707,460,204,31,0,0,-0.02023088515787885,0.0011289270015730271,0.22776403384214777,-0.5642686357938845,-0.7603403204980954,-0.321688519664849
46,3-0.25-45,217.46264046957583,179.7386992275175,0.7227056553271307,0,0,0,0,702,1541,708,497,180,76,0,0,-0.015217234972546165,0.003500142915140392,0.22820523686555094,-0.7481172721030147,-0.5666632271430732,-0.3452728402074825
47,3-0.25-60,224.96444163467257,178.10390225932727,0.7183210055563368,0,0,0,4,869,1363,754,478,163,96,12,0,-0.011079132240957747,0.0067357501338539735,0.22780904005616473,-0.8415391701710162,-0.4024005944947227,-0.36039642980774805
48,3-0.25-75,214.05840324546944,182.04395073717774,0.7260052565258054,0,0,0,1,935,1564,584,498,275,107,1,0,-0.008434899837096346,0.0074226398498057995,0.22786247882723826,-0.9222644613121571,-0.221771205135728,-0.316616165053592
49,3-0.25-90,226.59214461229675,179.42407865166817,0.7008052731794611,0,0,0,0,575,1693,602,522,207,36,0,0,-0.005035413966357908,0.00877613985401376,0.22550995205502108,0.942256014256784,-0.0054965899290833065,0.33484831057670145
50,3-0.35-0,154.8709139896837,126.08727136392476,0.7445492471432408,0,0,0,0,445,727,272,169,118,66,12,0,-0.03244318320342732,-0.0015654242622664372,0.330358293692648,-0.2638205312325183,-0.8745776588440595,-0.40683245439742827
51,3-0.35-15,157.05094714773293,122.03687967167957,0.7499736171165354,0,0,0,0,368,839,250,182,113,74,4,0,-0.024402446727322415,0.0017713656268907101,0.33096655384153006,-0.4894745772774629,-0.7732054956674044,-0.4031970977930923
52,3-0.35-30,156.40012787718558,124.52309022827855,0.7455035427225547,0,0,0,0,368,809,270,179,103,74,3,0,-0.01869991643316722,0.00540806094530454,0.3310981404485047,-0.6176393625783214,-0.6806294305043499,-0.3940370491783346
53,3-0.35-45,148.92279879185725,127.45587471748802,0.7346260537769743,0,0,0,0,265,873,266,211,105,30,6,0,-0.013362542464001695,0.008388592397961274,0.3308630727733481,-0.7517794891603943,-0.5505783560922367,-0.3628926473221893
54,3-0.35-60,152.48606493709516,126.24183141890805,0.7386966898663001,0,0,0,0,278,875,241,163,113,49,6,0,-0.0064006229284956605,0.010339503071414477,0.32962782776231947,-0.843941102382446,-0.3808278105080004,-0.3778009984809254
55,3-0.35-75,149.0,126.0,0.7574837541280495,0,0,0,0,186,900,311,190,111,15,0,0,-0.001984543012213661,0.01112498000666666,0.32882593204319827,-0.9187246340347506,-0.21579098814100642,-0.33072540914607934
56,3-0.35-90,151.4199458459816,125.92855117089213,0.7415004197231108,0,0,0,0,150,899,361,183,79,23,0,0,0.001958415589968143,0.01063536435068437,0.32793118958112083,0.9467830923052409,-0.012599982993829178,0.3216255844199599
57,3-0.45-0,119.50732195141852,97.16995420396162,0.7690836467969998,0,0,0,0,319,346,169,112,53,61,9,0,-0.032964477178671674,0.001647939363021514,0.4312825029653891,-0.3843592371697881,-0.8053727744333278,-0.4512678484047172
58,3-0.45-15,120.01666550941998,94.00531899844816,0.7752917144392965,0,0,0,0,262,380,147,106,57,38,5,0,-0.02462102579597992,0.006246623184502509,0.43124990741708547,-0.4222713131654949,-0.8031922072806503,-0.4202013996182368
59,3-0.45-30,114.47707194019246,98.85848471426213,0.7736128739829962,0,0,0,0,190,470,164,95,40,48,4,0,-0.016941261134777452,0.009642776967853607,0.43150335711177124,-0.6211627178906836,-0.6659825935699116,-0.4130666568055973
60,3-0.45-45,116.9700816448377,96.38464608017192,0.7801939363246262,0,0,0,0,212,449,145,105,62,44,3,0,-0.009476258118984318,0.012765616702529403,0.43135979904902055,-0.758795689594917,-0.5004588987638301,-0.4168572802534088
61,3-0.45-60,121.26417442921878,94.26027795418386,0.7738140426793136,0,0,0,0,180,483,133,93,70,46,0,0,-0.0021218578379363184,0.013368345934019915,0.43068533221890576,-0.8394933155482774,-0.3407513665127052,-0.42324872045817724
62,3-0.45-75,116.0,96.0,0.7755028735632183,0,0,0,0,166,468,158,84,58,37,2,0,0.004288084079673178,0.01428029638787255,0.4286799233196308,-0.8960539917844458,-0.1903001007139411,-0.40108990946597517
63,3-0.45-90,118.53269591129698,96.17692030835673,0.7647294867092852,0,0,0,0,113,514,152,84,73,29,0,0,0.009078196900057012,0.012665683143585491,0.4275697365595869,0.917896910678113,-0.01819187816348655,0.3964017115710542
64,4-0.25-0,206.63494380186523,186.02419197512995,0.7415626574512512,0,0,0,0,460,1845,694,355,200,31,18,0,-0.03052256396031082,-0.004155208624049418,0.22502688940605112,0.15509607820935492,0.9534156071450274,0.2587351668721445
65,4-0.25-15,203.49447166937975,187.8776197422141,0.7338605930495904,0,0,0,0,423,1723,841,344,198,5,2,0,-0.02384496956722284,-0.0015668092715412966,0.22487649891968253,0.3596401018553954,0.9025487518475471,0.2367799562375913
66,4-0.25-30,201.69779374103229,185.14858897652988,0.7253897571368125,0,0,0,0,475,1670,903,237,229,27,0,0,-0.019782230280768157,0.0011125892322084029,0.22565850293419892,0.5659025933713259,0.7820114369482145,0.26117497448606475
67,4-0.25-45,198.8617610301186,186.50737250843463,0.731264392432073,0,0,0,18,560,1418,952,342,176,15,0,0,-0.01487041301811918,0.003746546542726227,0.22564692889974125,0.7110854233185694,0.6540212919944334,0.2580962424402628
68,4-0.25-60,199.04019694524018,184.0244548966251,0.7394016868579344,0,0,0,5,286,1910,854,218,174,58,9,0,-0.010614353613948217,0.006800354203747869,0.22486488555776807,-0.8432568281891608,-0.46184679733814465,-0.2749826494542065
69,4-0.25-75,200.59162494979694,185.06755523321746,0.727311877129736,0,0,0,14,344,1779,813,332,174,10,0,0,-0.007523545888607035,0.008088593270741488,0.22408944684073914,-0.9285438978187083,-0.2706758971469732,-0.2540487916273591
70,4-0.25-90,201.71762441591463,182.94534703019914,0.7238918855563521,0,0,0,0,379,1681,983,310,108,19,3,0,-0.00441205171596584,0.008434696467186342,0.22325163038185494,0.9730517667554004,0.025085158409006325,0.22921822362497532
71,4-0.35-0,141.0,124.0,0.7931823381377259,0,0,0,0,331,730,354,148,73,43,23,0,-0.03230415725675674,-0.001157864382802581,0.3269030902232673,-0.1923795963965342,-0.930212473317166,-0.3125617465005392
72,4-0.35-15,141.28694207179942,124.25779653607253,0.7881064461066399,0,0,0,0,303,836,324,134,116,52,14,0,-0.024865583224170904,0.0022025325043395117,0.3278764389095003,-0.4473057615890053,-0.8292843161769167,-0.3349702652359811
73,4-0.35-30,140.52757736472938,131.0953851209111,0.741321074251661,0,0,0,0,215,905,341,112,60,51,22,0,-0.018653120720808925,0.005665297251512311,0.32756216213950784,-0.6005774183303116,-0.7403655857228408,-0.30193635764672777
74,4-0.35-45,139.94641831786907,129.75746606650424,0.7466232085066052,0,0,0,0,304,827,291,119,82,35,39,0,-0.011900090655962271,0.008358945797578086,0.3277656606423104,-0.7454133753142603,-0.565306277971634,-0.3532530424334084
75,4-0.35-60,139.01438774457844,127.01574705523721,0.7675702259903978,0,0,0,0,291,806,317,114,84,45,18,0,-0.0055786067369629835,0.010432985183761198,0.32650877470447776,-0.8483732753590522,-0.4083969641023554,-0.3368600679340505
76,4-0.35-75,139.71757226634023,130.24976007655445,0.7373814196656796,0,0,0,0,180,838,379,182,62,13,0,0,-0.002004402243102779,0.010435826375719449,0.3252794121463122,-0.9389713975960658,-0.2294482614635877,-0.25629321061594257
77,4-0.35-90,140.87228258248675,127.45587471748802,0.7340016708437761,0,0,0,0,152,854,439,143,73,15,0,0,0.0018781256012708805,0.010066312428275671,0.32426711811455905,0.9655245487409396,0.029216198085259763,0.2586672757579665
78,4-0.45-0,107.0,95.0,0.811214953271028,0,0,0,0,388,277,156,78,63,50,41,0,-0.032398460340930704,0.0027475696007122534,0.42918361266856686,-0.36688436530434293,-0.7882272670238126,-0.4940583346280079
79,4-0.45-15,104.30723848324239,96.33275663033837,0.8158672084276493,0,0,0,0,128,452,194,110,43,11,7,0,-0.024276848794497374,0.00586314535116402,0.4283621738201067,-0.4666363808610735,-0.8104384927348893,-0.35417500977691796
80,4-0.45-30,105.51303237041384,96.30160954002794,0.7980454945879808,0,0,0,0,71,570,160,65,46,17,14,0,-0.017100970185365827,0.010346416134082707,0.42816064845174995,-0.579990069695978,-0.7328152294831841,-0.3557996044005147
81,4-0.45-45,105.8158778255891,95.01578816175763,0.8204548550460264,0,0,0,0,131,502,127,77,63,21,6,0,-0.00931456217270983,0.013403877695253497,0.42820924333333366,-0.7298653288437414,-0.5677487804807622,-0.3807334028088742
82,4-0.45-60,107.91200118615167,92.77930803794561,0.8018377306530846,0,0,0,0,27,596,173,68,38,23,1,0,-0.0028326239129092836,0.014644691604103673,0.4268168488012968,-0.8364668038499073,-0.45337281869763835,-0.30785771603661144
83,4-0.45-75,105.09519494249011,94.81033698917012,0.7869242042030865,0,0,0,0,124,492,151,69,40,34,8,0,0.004383317656053374,0.014531371162091503,0.4266496814270157,-0.9049111627591344,-0.1937662392698495,-0.378933281770196
84,4-0.45-90,105.0,95.0,0.8086215538847118,0,0,0,0,106,492,177,78,52,18,4,0,0.008949931840174761,0.013413396069687177,0.42558600662351753,0.9354042461383171,0.030027714983890143,0.3523027570701837
85,5-0.25-0,176.56726763474595,157.33403954643762,0.6863200698067736,0,0,0,0,582,1237,594,337,210,58,1,0,-0.029606490197747578,-0.0036649257672176027,0.22816757501490625,0.11587297946703609,0.9099519626640875,0.3981970344857011
86,5-0.25-15,193.43732835210477,158.38244852255568,0.6601804583978044,0,0,0,0,581,1233,530,404,210,40,2,0,-0.023285081486999995,-0.0008555298439899968,0.22833973048999961,-0.2931337093784412,-0.877036741212047,-0.38062998172790946
87,5-0.25-30,178.01685313475238,161.0372627685903,0.6943439924792494,0,0,0,0,601,1209,568,337,219,39,0,0,-0.01926722374483685,0.0018284995214328966,0.22813678621257952,-0.4920923298350149,-0.7910477675491108,-0.3634399102645647
88,5-0.25-45,188.67962264113208,156.7322557739791,0.6475003918667356,0,0,0,0,656,1213,514,376,211,60,0,0,-0.013976104807412522,0.004648821523716169,0.228302465864686,-0.6817250342400009,-0.6241753216150749,-0.3816492441721684
89,5-0.25-60,175.44514812328097,159.3267083699403,0.6863282214495358,0,0,0,0,607,1235,583,293,110,133,3,0,-0.00850636994665925,0.0061390967128812386,0.2278214772402155,-0.7861918149096183,-0.4709947670223461,-0.4000829409093649
90,5-0.25-75,172.70205557549104,156.236999459155,0.6804052020628358,0,0,0,0,465,1281,641,279,228,31,0,0,-0.0064057585865606925,0.007015543265767518,0.22670236163760776,-0.8877552270133848,-0.2990212680924232,-0.34996705293329067
91,5-0.25-90,187.6406139405859,158.4960567332828,0.6410494067469176,0,0,0,0,495,1353,507,357,174,54,0,0,-0.0036430883631401335,0.008017004820343543,0.22519341610204094,0.9319527881788363,0.06738292740598353,0.35626330389178884
92,5-0.35-0,125.02799686470227,111.01801655587259,0.743640642752175,0,0,0,0,475,442,241,159,121,61,0,0,-0.030705530739826493,-0.0005042655046364256,0.3315085296130753,-0.2044147726265459,-0.8661002952680327,-0.45616321560233714
93,5-0.35-15,132.0,109.0,0.7248401445649152,0,0,0,0,294,589,222,157,100,36,0,0,-0.02419190744706727,0.0028512981834048663,0.3313938692703859,-0.35064052498549236,-0.8453798408626771,-0.4029691637096976
94,5-0.35-30,124.25779653607253,112.05802068571441,0.7549509867445927,0,0,0,0,330,606,199,174,100,52,0,0,-0.017281806448254628,0.006156582574832307,0.33198087455852093,-0.5703498159737752,-0.6962751001195971,-0.4357775491832106
95,5-0.35-45,125.93649193144932,111.80339887498948,0.7310302943783281,0,0,0,0,315,596,203,190,98,43,0,0,-0.011113912981221458,0.008146662969224906,0.3313646848719723,-0.695476308168519,-0.5840373993817398,-0.4185845445064847
96,5-0.35-60,121.59358535712317,112.16059914247963,0.7347846534426837,0,0,0,0,307,619,185,159,93,50,0,0,-0.003930758169203114,0.009672231981358817,0.3306503612738857,-0.7947744027154946,-0.4336707393837443,-0.42457430279114305
97,5-0.35-75,119.54915307102765,109.11003620199197,0.741029653233994,0,0,0,0,272,590,271,149,114,7,0,0,-0.001250593306409837,0.010873223762152537,0.32945232950106923,-0.8973040842746918,-0.2538116244490933,-0.3611440704739167
98,5-0.35-90,119.41942890501528,107.37783756436893,0.7485767738291483,0,0,0,0,270,612,265,151,68,40,0,0,0.002651354313623045,0.010189301530654329,0.32822275809388346,0.9221937688313991,0.05331762758145383,0.38303509410708747
99,5-0.45-0,94.42986815621421,83.38465086573187,0.7932434265587591,0,0,0,0,290,233,127,75,58,62,0,0,-0.031665077783432,0.0030153707064615354,0.4331257692544381,0.22510212402051893,0.8399682726056181,0.49374318706933584
100,5-0.45-15,94.86832980505137,83.16850365372699,0.7760400176581069,0,0,0,0,168,305,170,109,44,8,0,0,-0.02341339416044776,0.006550793098606965,0.4326028816169157,-0.3564019962625946,-0.8509070259839531,-0.38592078227426646
101,5-0.45-30,92.0869154657707,82.66196223173026,0.8075316941967233,0,0,0,0,222,311,126,84,62,34,0,0,-0.01563525774946363,0.010732589255971387,0.4334694840762818,-0.5859306696448071,-0.6593262259889326,-0.4711413568057666
102,5-0.45-45,91.2414379544733,82.75868534480233,0.786648539687203,0,0,0,0,206,299,101,112,63,17,0,0,-0.00802472643001253,0.012063719419812024,0.4332480443233092,-0.6752400207082451,-0.5927159836552989,-0.43902013297052833
103,5-0.45-60,90.13878188659973,81.54140052758476,0.7764580935267263,0,0,0,0,234,283,120,84,72,30,0,0,-0.0004191881125650042,0.013386166963171329,0.4332087311057116,-0.7932750218581108,-0.41069165837314514,-0.44949649769350775
104,5-0.45-75,89.56003573022959,80.0812087820857,0.7718825151701331,0,0,0,0,257,254,133,65,58,46,0,0,0.004893046377279212,0.013970961621894226,0.4324793198154992,-0.8507587942800818,-0.20963318213661544,-0.4819371358407423
105,5-0.45-90,88.0,79.0,0.7991944764096662,0,0,0,0,188,321,91,63,58,39,0,0,0.011418367513592105,0.012251446261644742,0.4313919068157898,0.8754647077132222,0.038529142357320564,0.4817437604555062
106,6-0.25-0,204.26698215815497,200.1449474755733,0.7876378084423674,0,0,0,18,474,1483,1237,337,25,18,55,0,-0.035529384102824156,-0.006257553809086924,0.22530664679736692,-0.2777728745845168,-0.9324290404123105,-0.23112402458600534
107,6-0.25-15,202.18061232472317,199.4818287463798,0.7861624638834478,0,0,0,0,573,1509,1129,415,52,26,32,0,-0.028960527023286775,-0.001722278692631173,0.22566774079496768,0.5439888117212368,0.8040565756945957,0.23993581601002745
108,6-0.25-30,201.41995928904365,200.0099997500125,0.7923346879910289,0,0,0,0,541,1357,1315,405,17,12,12,0,-0.024828957397731537,0.002009771591918561,0.2256690791992351,0.6721759811443259,0.7204259317303883,0.1707803480001866
109,6-0.25-45,207.77150911518163,199.71980372511885,0.781760495821304,0,0,0,6,651,1377,1215,406,60,43,30,0,-0.019153139348152,0.0059905710914361105,0.22594424868532187,-0.8224654672052004,-0.49839500174503115,-0.2741404338847187
110,6-0.25-60,201.95544062985775,200.63897926375125,0.7762807599677564,0,0,0,47,485,1358,1230,509,17,2,10,0,-0.015223501553135869,0.009000605199152545,0.22507184048660436,-0.9041086268733196,-0.3703880403181811,-0.21307343898876321
111,6-0.25-75,200.73116349984124,200.73116349984124,0.783411510684238,0,0,0,10,432,1491,1168,498,51,0,0,0,-0.011044216135022445,0.011704536700279433,0.22464288409041103,0.9597248630493852,0.2015638047907552,0.19570441957991963
112,6-0.25-90,203.29781110479277,200.30227157973022,0.7803587722661699,0,0,0,13,518,1452,1173,533,31,5,6,0,-0.006931151243855,0.013474825088515156,0.2243076163870284,-0.9816393023435008,0.03434228504428818,-0.18762965531200543
113,6-0.35-0,141.90842117365693,138.7515765676196,0.8174700846751664,0,0,0,0,278,745,537,121,68,38,8,0,-0.03722248966462396,-0.0027225991001782845,0.3281762902674094,-0.440587524307056,-0.8550502323108959,-0.2734442057350312
114,6-0.35-15,141.4213562373095,139.18692467326088,0.8084229345131284,0,0,0,0,256,774,547,162,56,22,5,0,-0.029423195686059257,0.0023350639255927588,0.3289536737376515,-0.7110136379923182,-0.6441695030638537,-0.28196676738828047
115,6-0.35-30,140.2640367307315,138.85243966167826,0.8276851992280712,0,0,0,0,164,835,561,127,41,26,2,0,-0.023529336530125268,0.006239783299635532,0.32825251645785924,0.778567816538104,0.5860902501455624,0.2243443195969119
116,6-0.35-45,144.22205101855957,138.3979768638256,0.8131747198326444,0,0,0,0,216,791,533,162,39,24,4,0,-0.017038556003914084,0.010054596934007922,0.3278025283889207,0.8375524336848534,0.4953022028654037,0.23061146689888923
117,6-0.35-60,139.84634424968,139.84634424968,0.806258628624022,0,0,0,0,284,674,570,160,58,18,2,0,-0.009787727971264435,0.013187639662225381,0.32718411387315915,-0.9208472480204792,-0.300598908498618,-0.24835587776927964
118,6-0.35-75,141.1523999087511,139.04315876734103,0.8079474864638728,0,0,0,0,188,753,567,201,15,5,1,0,-0.00580402827033988,0.014467196838728328,0.3259087515144511,0.9615123559001187,0.170667976127418,0.21532865897500633
119,6-0.35-90,141.2834031300209,138.1774221788784,0.8142534746525901,0,0,0,0,236,733,558,179,39,12,0,0,-0.000165145105789413,0.01541594837083666,0.3253908211383046,0.9779254424216453,-0.05882749681150957,0.2005022560554399
120,6-0.45-0,106.60675400742676,106.60675400742676,0.8463704355477342,0,0,0,0,199,437,232,89,36,23,16,0,-0.03845073292538757,0.0004276384335174383,0.428635409757753,-0.4859062116439502,-0.7940311269066456,-0.3652529575365369
121,6-0.45-15,107.54068997360952,106.6770828247567,0.8500603177030902,0,0,0,0,195,487,205,75,45,33,17,0,-0.029269281106906336,0.005945284057937557,0.4297068137748354,-0.8088265362888543,-0.41582892207648126,-0.41579555283779346
122,6-0.45-30,107.56393447619885,105.41821474489122,0.8560570199442663,0,0,0,0,240,495,159,80,49,43,24,0,-0.02259068217495408,0.010399780483266048,0.4301595495688076,-0.7078726521899747,-0.6566005199272433,-0.2603690947727953
123,6-0.45-45,106.50821564555478,105.68348972285122,0.8616615323936454,0,0,0,0,95,528,253,68,27,15,11,0,-0.013906201562706128,0.013771545739648944,0.42911112812437374,-0.8761324494312984,-0.3741621455099792,-0.3039648333621546
124,6-0.45-60,106.4048871058092,106.4048871058092,0.833951598657481,0,0,0,0,55,537,260,87,19,8,5,0,-0.0059813615537013375,0.01644384961040164,0.4277671228836257,-0.912263100461212,-0.3044074547356176,-0.2740659355671181
125,6-0.45-75,108.0,104.0,0.8500712250712251,0,0,0,0,128,478,246,82,40,14,4,0,-0.00025935441016229855,0.01904648865544359,0.42746277594758136,0.946983657973004,0.07016559753311315,0.3135262994628836
126,6-0.45-90,105.38026380684383,105.38026380684383,0.8573615488518685,0,0,0,3,169,388,306,87,40,11,6,0,0.006184138044227716,0.018522907590297052,0.42592776505940566,0.9379973019213269,-0.06753634111796904,0.3399998591421889
127,7-0.25-0,185.41305239923105,168.40427548016706,0.7807688362259128,0,0,0,0,135,1677,714,250,107,29,1,0,-0.031241948442155828,-0.005220853995616195,0.2269727907998621,0.1498142953547498,0.957193447388977,0.24766182827186992
128,7-0.25-15,181.2181006411887,167.0269439342048,0.7881511560630768,0,0,0,0,334,1478,721,257,84,63,8,0,-0.02502204147911709,-0.0020989794861494015,0.2282459892088283,0.3889792602347871,0.8741770664449855,0.2907053346755739
129,7-0.25-30,181.01104938649465,167.40967713964446,0.782529748016631,0,0,0,0,515,1473,481,231,150,82,22,0,-0.020567227265741353,0.0018602705982261331,0.22822862225118437,-0.5721636594470879,-0.7504651891368374,-0.3308031842378904
130,7-0.25-45,185.78482176970218,169.04733065032408,0.7479997360335057,0,0,0,0,470,1415,599,202,153,83,1,0,-0.015495903626526883,0.004918978959938419,0.2277487617755727,-0.7466469882485137,-0.5792022324387945,-0.327174340187828
131,7-0.25-60,203.55343278854326,166.50825805346713,0.7058321432092849,0,0,0,0,211,1681,575,234,113,48,5,0,-0.011435654024932688,0.007121332651398673,0.2269039504778513,-0.8698876618665,-0.4095151326664985,-0.2749414698614485
132,7-0.25-75,181.22085972646747,168.19334112859522,0.7737168709109833,0,0,0,0,794,1434,379,343,239,138,1,6,-0.00833602967356989,0.008077508688105368,0.22718169290930815,-0.9281098307187094,-0.275943643107441,-0.24993448731994092
133,7-0.25-90,180.54639292990598,168.46661390317072,0.7693966870208522,0,0,0,0,299,1489,712,259,102,49,1,0,-0.00458317316923497,0.009605374081040865,0.2248972205084165,0.9579637005884934,0.03395656382451882,0.2848727788470333
134,7-0.35-0,127.26350615946427,115.6027681329474,0.8355076564590893,0,0,0,0,419,598,191,146,120,86,0,0,-0.0325099429179487,-0.002398083110891031,0.3318950710128207,-0.20424671908878594,-0.9247242170410647,-0.32119838131481393
135,7-0.35-15,129.72663566130126,116.27553482998907,0.8095977538882954,0,0,0,0,178,737,243,145,77,18,0,0,-0.025329143555078742,0.0016083224384334815,0.33145725715307583,-0.46768673126317933,-0.8304624250813464,-0.30265703680630285
136,7-0.35-30,126.01587201618692,116.01724009818541,0.8252386259118463,0,0,0,0,155,829,206,104,77,61,1,0,-0.019328599110746702,0.0058670097969155625,0.3320435564549899,-0.6752614442332976,-0.6473825192144881,-0.35343720198567674
137,7-0.35-45,125.15989773086265,115.69356075426151,0.803994740220646,0,0,0,0,172,761,266,110,77,40,0,0,-0.012805434148964937,0.008278426367475455,0.3321011791164091,-0.7777662974434105,-0.5578699901976005,-0.28958705184813976
138,7-0.35-60,124.45882853377658,115.41230437002807,0.8125824861221971,0,0,0,0,214,741,222,120,99,38,0,0,-0.006400500798602507,0.010426262643493727,0.3313884979916319,-0.8584069910610372,-0.408767086305223,-0.30991435405781836
139,7-0.35-75,122.9186723000212,114.9826073804208,0.825131228174548,0,0,0,0,101,845,247,88,80,28,0,0,-0.0028197313466234706,0.011381250721058313,0.330156232678186,-0.9204837203232242,-0.24249485585541566,-0.30644080260888484
140,7-0.35-90,122.00409829181969,115.31695452100702,0.8050242695309417,0,0,0,0,121,711,339,100,42,24,2,0,0.0018148037403256123,0.012442984365280067,0.3294179433457806,0.9596949364549978,0.03319184045092543,0.2790769260797428
141,7-0.45-0,95.29428104561154,88.58893836140041,0.8221966621957858,0,0,0,0,170,368,131,64,36,52,0,0,-0.033994359520097446,0.0015933357410353273,0.43195111306942857,-0.36227990937506616,-0.8522274750538317,-0.3774408536798375
142,7-0.45-15,93.33809511662427,86.97700845625813,0.873092604029746,0,0,0,0,295,248,108,78,59,56,0,0,-0.024892205191943118,0.005818891972736964,0.4337663076303322,-0.5853579086016465,-0.6699681288565161,-0.45661671580659974
143,7-0.45-30,94.2019108086455,88.60022573334675,0.8456431075067263,0,0,0,0,104,427,124,64,45,37,0,0,-0.018117266986891374,0.010152078255081156,0.4329913510362055,-0.6307154078172754,-0.6966550710960236,-0.34186223286300893
144,7-0.45-45,93.62157870918435,87.32124598286491,0.8284860331942627,0,0,0,0,181,335,141,74,48,36,0,0,-0.010321552266990167,0.01351427709839265,0.4333972571656449,-0.7900542329975271,-0.4694449885757435,-0.39425335968614034
145,7-0.45-60,93.0,87.0,0.8453837597330367,0,0,0,0,74,464,122,72,50,23,0,0,-0.002916769923922985,0.014868682680447205,0.4327154176149077,-0.8632186744219403,-0.33260589597248447,-0.3797720870384883
146,7-0.45-75,91.44397191723465,87.36704184073076,0.8579093228330388,0,0,0,0,126,397,142,64,34,35,1,0,0.0029115598252352944,0.015979148767584488,0.43191224282853685,0.9118629545942986,0.18689299173431778,0.3654818212704323
147,7-0.45-90,94.2443632266673,87.92041856133307,0.8351432264942349,0,0,0,0,28,494,138,54,37,28,0,0,0.009203338269105264,0.014667545663157904,0.43091128202824264,0.9414566288675748,0.023927674235325807,0.33628393117571015
148,8-0.25-0,205.0,179.0,0.6833356043057637,0,0,0,0,748,1250,582,475,193,22,40,0,-0.02904332006072512,-0.0052666522621389765,0.2270087538580059,-0.07780350382424826,-0.9415659557344689,-0.3277196451153123
149,8-0.25-15,197.3119357768303,181.0331461362808,0.692973114524004,0,0,0,0,655,1301,587,415,135,77,23,0,-0.023663328396085197,-0.0020534401188881694,0.22707721236141512,0.31851265929495726,0.876445709666554,0.36109916072450926
150,8-0.25-30,200.28230076569423,180.646062785769,0.6799850146327965,0,0,0,0,684,1254,624,361,144,93,20,0,-0.019601142010911947,0.001099678338512573,0.22705789666666643,-0.4967893372239325,-0.7745986024002859,-0.3914043428222654
151,8-0.25-45,209.34421415458323,179.7386992275175,0.6817664167028422,0,0,0,0,912,1085,610,316,224,103,23,0,-0.0142803368528381,0.003273858001209899,0.22774992017109652,-0.6970700917202524,-0.5932814014382743,-0.4026294399774514
152,8-0.25-60,205.71825392998065,177.99157283422156,0.6658270440582522,0,0,0,0,617,1319,575,392,95,118,12,0,-0.009436987770264697,0.005819075759216753,0.22723759201726382,-0.7852373294325593,-0.4779432498109225,-0.39366557688702786
153,8-0.25-75,203.59027481684876,179.51323071016242,0.7106436874035141,0,0,0,0,565,1357,650,289,202,48,13,0,-0.006757790812266969,0.00724562870699745,0.22674282128681214,-0.8835429067535674,-0.27171246147065675,-0.3814764346680063
154,8-0.25-90,204.98048687619024,178.35358140502814,0.6650892357894058,0,0,0,0,694,1248,606,398,179,62,4,0,-0.0037907409139642835,0.008387509910335308,0.22624400573801332,0.9321311652240809,0.06557915364315287,0.3561332130333323
155,8-0.35-0,136.1800279042415,125.14391715141412,0.7435115635117939,0,0,0,0,376,647,213,156,104,62,10,0,-0.031297452450255094,-0.001797403040931119,0.329606846383929,-0.18632630713520137,-0.8849313299984587,-0.4268243765959458
156,8-0.35-15,136.94524453225822,125.93649193144932,0.7303551645583033,0,0,0,0,413,610,211,157,135,53,8,0,-0.023893206334845592,0.0014675596233648335,0.3306005496156271,-0.458897287611339,-0.7671857100349553,-0.44815105237086933
157,8-0.35-30,143.01398533010678,123.01625908797584,0.7084049216737291,0,0,0,0,438,581,213,121,109,73,20,0,-0.017998610661993587,0.0047477318313440525,0.33025129303536976,-0.5858111690633273,-0.6456402020187196,-0.4898714155141985
158,8-0.35-45,142.12670403551894,124.42668524074729,0.7049168733891076,0,0,0,0,368,631,241,202,72,49,14,0,-0.011488270057218768,0.007404121098776152,0.32943476382371534,-0.7643319886218499,-0.47583288438182986,-0.43517775369409256
159,8-0.35-60,144.01388821915754,124.77980605851253,0.676459825280094,0,0,0,0,327,649,263,148,86,57,6,0,-0.00604332712619466,0.008683330521933591,0.32808213774739575,-0.8140746272143193,-0.4196453458229601,-0.4014726454629199
160,8-0.35-75,135.50645741070792,125.67020331009256,0.7020913091622377,0,0,0,0,368,606,253,150,100,55,5,0,-0.0023097397740787294,0.010205078141262184,0.3277449146324004,-0.880262402758461,-0.23711909853065702,-0.4109898239639391
161,8-0.35-90,144.22205101855957,124.80785231707178,0.6880538566592416,0,0,0,0,270,647,303,153,67,43,4,0,0.0021372046831042387,0.01032577334759246,0.32612159886348335,0.9255822564660039,0.07938658989905513,0.3701287017504856
162,8-0.45-0,104.0768946500615,96.08329719571451,0.7634960909100218,0,0,0,0,245,323,146,72,48,37,14,0,-0.03210073568926552,0.0018954857232994396,0.4311915052429387,-0.2589950435316478,-0.8425957637542001,-0.47217999357185414
163,8-0.45-15,103.24727599312246,96.0260381354974,0.7701907640614991,0,0,0,0,305,226,160,104,45,36,10,0,-0.0234247529734763,0.005493495629401806,0.4311604844920998,-0.46852898530899534,-0.7407404053813453,-0.4814397592231074
164,8-0.45-30,104.0,96.38464608017192,0.7456102972625703,0,0,0,0,287,288,116,75,56,58,5,0,-0.016059794069152533,0.009740374042519779,0.4314693010282481,-0.5829172632357424,-0.6304707287765763,-0.5125564596975488
165,8-0.45-45,103.22790320451152,96.26006440887103,0.7667516508777104,0,0,0,0,268,317,107,89,54,47,11,0,-0.008239828168269885,0.012537713908331471,0.4314450893057115,-0.7182179610218575,-0.503002016387816,-0.48078262445246134
166,8-0.45-60,103.47946656221224,96.42613753542138,0.7510428856722539,0,0,0,0,226,352,101,74,67,52,1,0,-0.0011813570238877436,0.01321961124210767,0.4308566053493706,-0.7931583023891128,-0.36622014813218773,-0.48660323719973253
167,8-0.45-75,102.85912696499032,96.15092303249095,0.7188068756319514,0,0,0,0,129,399,164,79,32,28,3,0,0.003375582534253001,0.013798812883824944,0.42942085111510847,-0.8761882116349079,-0.2347242503247341,-0.4209498118558951
168,8-0.45-90,102.96115772464877,95.70788891204319,0.7452663526439358,0,0,0,0,229,343,115,66,59,46,9,0,0.00966299431778892,0.012688398642779703,0.4293431168512118,0.8710543834973653,0.01105240365329436,0.4910622214786122
169,9-0.25-0,215.3903433304288,170.79227148791014,0.7172097670663529,0,0,0,0,884,1166,813,464,185,43,15,0,-0.026092275239215694,-0.006474783048943942,0.2274506305966381,0.08124192653776866,0.968818436212288,0.2340738922383455
170,9-0.25-15,214.2265156324025,170.66048165876012,0.7275164045749299,0,0,0,0,927,1088,796,572,229,23,8,0,-0.020701464224512755,-0.004908796269429037,0.22822894588525924,0.2911964738003797,0.923489621211494,0.24974293415605578
171,9-0.25-30,212.13203435596427,170.41420128616042,0.7328290993674489,0,0,0,0,871,1210,774,516,153,82,24,0,-0.016376663874319568,-0.0016229682946087972,0.2286361454517898,-0.5302818190656038,-0.7981205244387897,-0.28601542062977214
172,9-0.25-45,225.3619311241364,170.66048165876012,0.6990051319435685,0,0,0,11,881,1248,694,466,220,96,17,0,-0.012216580263365534,0.0005735908546683065,0.22912154463253354,-0.6967899403573328,-0.6469121638105384,-0.30981999827446866
173,9-0.25-60,231.52105735764079,170.79227148791014,0.6919982540059665,0,0,0,4,763,1387,682,406,212,86,16,0,-0.009522206550782038,0.0019996909246372324,0.22879772348706431,-0.8111816367672144,-0.5127720596532555,-0.28115683703339145
174,9-0.25-75,226.43321311150447,170.29386365926402,0.6936169732046384,0,0,0,10,705,1283,787,424,238,13,14,0,-0.0075990691804467495,0.002925432140002877,0.227653499634427,-0.9194889611358492,-0.3111379819384022,-0.24027735337441833
175,9-0.25-90,226.92069099136816,170.6282508847817,0.6916744816649653,0,0,0,0,802,1348,635,512,165,52,5,0,-0.005348735623984367,0.00385803537703609,0.22629548189258333,0.9576804626085763,0.0663003055863446,0.2800935576142028
176,9-0.35-0,149.60280746028798,119.54078801814885,0.753649810049882,0,0,0,0,434,564,373,206,117,27,1,0,-0.02788424602380952,-0.003405074210290363,0.32982386595818886,-0.1045636650551549,-0.9674854082510445,-0.23030072681505614
177,9-0.35-15,163.1349134918703,119.57006314291216,0.7536635332492317,0,0,0,0,418,617,335,228,93,33,7,0,-0.021267920749855555,-0.0005818450248006878,0.33064101914500305,-0.4146659469197608,-0.8681832372506679,-0.2725986409028641
178,9-0.35-30,158.39823231336896,119.50313803411188,0.7687640141732242,0,0,0,0,402,651,280,243,82,37,13,0,-0.016050304670199023,0.0021247918524414508,0.33050838172131203,-0.5432139464654393,-0.7806642067487551,-0.3090016256701244
179,9-0.35-45,162.92943257741985,118.51160280748886,0.7422952544315926,0,0,0,0,440,625,280,183,102,75,10,0,-0.009125467458750421,0.004534220243096214,0.33107767598250704,-0.709773746804316,-0.6126398157317969,-0.3476976912886715
180,9-0.35-60,157.49285698088025,118.90332207301863,0.7342565817714521,0,0,0,0,438,598,326,166,133,46,5,0,-0.005213627933962025,0.006149555048206774,0.33052485199766396,-0.8298453446783339,-0.43868696310191774,-0.34483394890891156
181,9-0.35-75,149.27156460625713,118.15244390193544,0.7704345388161088,0,0,0,0,357,658,307,248,92,22,1,0,-0.0014449935277246325,0.007228241235614234,0.3299686053827896,-0.9228526391200579,-0.28904226861194227,-0.2545536749387168
182,9-0.35-90,152.97058540778355,118.25819210524064,0.743337839083565,0,0,0,0,319,692,347,181,92,31,6,0,0.002518939678150483,0.00611016678030576,0.32885507997002356,0.9651258446118597,0.06164185349046454,0.25442560004941484
183,9-0.45-0,118.92854997854805,92.02716990106781,0.7924413991816024,0,0,0,0,331,261,191,117,69,48,4,0,-0.029489010870714993,0.00010108284952987405,0.4312689364838396,-0.16129896831222665,-0.9229551395396928,-0.34948026155804207
184,9-0.45-15,119.03780911962384,91.26883367283708,0.816056636772007,0,0,0,0,310,307,156,93,69,47,4,0,-0.02235710216125757,0.00410337830346856,0.4309992138438137,-0.3664404601494792,-0.8588864782130873,-0.3578203553574865
185,9-0.45-30,123.03657992645927,90.50966799187809,0.7834949712643678,0,0,0,0,317,315,150,113,78,39,6,0,-0.014456733100843827,0.0062603032922986315,0.43115027986247617,-0.6183272752027558,-0.6775196746388312,-0.3982944529084329
186,9-0.45-45,124.86793023030373,91.58602513484249,0.7630185295095613,0,0,0,0,220,359,194,105,63,23,0,0,-0.007051206735892128,0.009768574743941912,0.4304738509232366,-0.7154529013284622,-0.6059668663619392,-0.3477517833918001
187,9-0.45-60,117.64352935882194,91.39474820797966,0.7635788162073122,0,0,0,0,240,368,164,97,60,45,1,0,-0.0007223848075241036,0.0101187264888718,0.4290654442666683,-0.8076503484501509,-0.4216078280577806,-0.4122472000738766
188,9-0.45-75,114.21471008587291,90.19977827023745,0.7966304850431245,0,0,0,0,213,393,147,95,64,37,2,0,0.004023269648177706,0.010380157345268134,0.4283234577497382,-0.8923929994795939,-0.24774110294025442,-0.37717248096031564
189,9-0.45-90,118.25819210524064,90.60905032059435,0.7506115706962821,0,0,0,0,253,335,179,97,74,34,1,0,0.008511055442195279,0.008448753101983553,0.4277441283247692,0.926901620948763,0.04684172730563081,0.37236975933281774
190,10-0.25-0,190.12890364171355,161.96913286178943,0.7503487499311443,0,0,0,0,447,1161,632,283,172,29,0,0,-0.025285065023861984,-0.002626285242367832,0.22655082388032313,0.1059624058133555,0.9447028750112375,0.3103360219177719
191,10-0.25-15,188.76705220985997,160.61133210331082,0.7575665693374505,0,0,0,0,507,1218,470,350,113,79,12,0,-0.018502272697926505,-0.0003523319375809383,0.22764455943252054,-0.3709410348698128,-0.8560770435125915,-0.35990949448500625
192,10-0.25-30,189.21416437465774,160.5801980320114,0.7342997881805646,0,0,0,16,439,1136,655,298,110,39,16,0,-0.01440737993942415,0.0005761971880509447,0.2276333959025471,-0.5868504426425366,-0.742969686066553,-0.32187358319133097
193,10-0.25-45,189.2353032602532,158.8238017426859,0.7519197188246451,0,0,0,0,293,1343,541,316,99,40,8,0,-0.009218622990855335,0.002376366125935608,0.227532225723484,-0.7007607103842962,-0.6234983887040317,-0.34667590926566033
194,10-0.25-60,188.09572031282372,160.04999218994044,0.7470921858951585,0,0,0,13,436,1145,568,280,146,20,6,0,-0.00570934398158072,0.0035580105131216475,0.2275664018783466,-0.8351580442213316,-0.445676952898274,-0.3223090051917725
195,10-0.25-75,185.52627846210896,160.70158679988197,0.7583592078506451,0,0,0,0,305,1269,641,288,118,22,7,0,-0.0035345989783551056,0.004160871358400003,0.2268306250905657,-0.9222638135761624,-0.24098304524727096,-0.3022525931589427
196,10-0.25-90,189.89734068701435,161.24515496597098,0.7301430739310404,0,0,0,2,350,1216,619,282,114,19,0,0,-0.0011737231547125292,0.004254322365161417,0.22583953561106873,0.9484165978712519,0.0419876536031035,0.3142339794281099
197,10-0.35-0,136.3084736911099,112.53888216967503,0.7831810591433428,0,0,0,0,179,683,222,106,82,31,12,0,-0.026604209676806094,0.00034321120364258495,0.32954701707224365,-0.20954824663134014,-0.8982339507855727,-0.3863486792909646
198,10-0.35-15,135.0,115.0,0.8152012882447665,0,0,0,0,173,660,247,167,43,21,10,0,-0.018712305975094615,0.00231886204473883,0.3296156186903862,-0.5781725430689937,-0.7104011671348179,-0.4013062324143759
199,10-0.35-30,134.35028842544403,111.01801655587259,0.7891894894335191,0,0,0,0,263,591,205,134,103,33,1,0,-0.012161217224111266,0.00545792322395489,0.3305967298721807,-0.6289676098819187,-0.6625485494429302,-0.40672984320122807
200,10-0.35-45,132.7742444904131,113.1591799192624,0.7758596500146526,0,0,0,0,308,527,230,96,72,54,11,0,-0.006145885012516181,0.0063036034781587084,0.3302740370416034,-0.7613431964580408,-0.44485513281537614,-0.4716571297191074
201,10-0.35-60,131.0,111.0,0.7918987689980056,0,0,0,0,230,561,226,124,86,26,2,0,-0.0002876286961346621,0.007632260725840634,0.3287135869083667,-0.8228780318637072,-0.36629737738481977,-0.43439380289906865
202,10-0.35-75,131.13733259449805,112.0446339634344,0.7902276422334114,0,0,0,0,92,638,300,116,53,9,0,0,0.002716315328377485,0.006950107286572853,0.32730733385761607,-0.9064388430797847,-0.2256708289781656,-0.3569892165100915
203,10-0.35-90,131.4838393111488,111.35977729862789,0.7720250961801309,0,0,0,0,89,705,266,86,62,14,2,0,0.005821397834384803,0.005659397190449345,0.3267312298202616,0.9323834379051432,-0.0027431923986599607,0.36146037074020987
204,10-0.45-0,101.0,86.0,0.823739350679254,0,0,0,0,197,300,81,58,42,37,16,0,-0.028864536886456862,0.00515731469164159,0.43095396050615614,-0.2873681825189481,-0.788466661918606,-0.5438196858506384
205,10-0.45-15,101.0,85.0,0.8244612696563774,0,0,0,0,187,281,103,55,47,33,8,0,-0.019508611330672283,0.007926919285588236,0.4318675529551825,-0.4207407395745949,-0.7556096614272533,-0.5020271602413701
206,10-0.45-30,100.12991560967181,85.98837130682264,0.8060387061103268,0,0,0,0,222,277,78,87,57,35,8,0,-0.011607413923586388,0.010519233744882199,0.43281354513089026,-0.6742614987917007,-0.50219625581094,-0.5414520771930258
207,10-0.45-45,100.08995953640904,84.86459803710851,0.8083263325770792,0,0,0,0,163,311,104,68,38,36,5,0,-0.003737674896332412,0.01104267844245518,0.4318926539034487,-0.7440625581311084,-0.43778493507570687,-0.5046932337649772
208,10-0.45-60,101.0,84.0,0.8134134842055634,0,0,0,0,95,370,115,57,28,29,5,0,0.003215072830267527,0.013256429095536478,0.43021637831187476,-0.8288036685492912,-0.31629467923392623,-0.46156489780695464
209,10-0.45-75,100.0,84.0,0.8203571428571429,0,0,0,0,136,344,107,56,34,34,6,0,0.008565938290295677,0.01122713683633193,0.4299110107252445,0.8643941147652893,0.14446467836719687,0.4816147537850083
210,10-0.45-90,99.74467404327912,85.42833253669417,0.7977917029024149,0,0,0,0,77,351,127,75,30,12,2,0,0.013195021381373911,0.009905525280578645,0.4286418931899113,0.9004542856180431,-0.04781172479533911,0.4323148372242091
211,11-0.25-0,200.24235316236172,172.01162751395617,0.7494190630901778,0,0,7,63,416,1176,904,390,140,15,0,0,-0.02576332149019602,-0.00036662453173256723,0.22930951842172917,0.2495266215835289,0.9151296206237112,0.31666108472341975
212,11-0.25-15,198.4363877921587,172.04650534085255,0.7589567117715205,0,0,24,69,546,999,842,457,117,34,0,7,-0.01854731270190628,0.0016943655675702757,0.22984248861389264,0.47616909173379135,0.8060339255619705,0.3515285293124526
213,11-0.25-30,197.84084512557058,171.5925406304132,0.7548306231381464,0,0,20,94,484,1000,851,464,80,54,0,0,-0.014045072947582858,0.003431250519868731,0.2300543117328517,-0.6651694080093559,-0.660879211826919,-0.34754614948739326
214,11-0.25-45,198.17668884104407,171.7672844286711,0.7381257187581498,0,0,0,39,444,1241,746,442,128,14,0,0,-0.008786322639123772,0.004705865388326779,0.22938925409299266,-0.7861914125232264,-0.5283853254500582,-0.3204871459571662
215,11-0.25-60,198.28514820833152,171.81385275931623,0.7451537868827939,0,0,0,30,471,1175,787,446,112,32,0,0,-0.004035161040335741,0.005176805033347523,0.22926620418932125,-0.8837039298518266,-0.3548057753471121,-0.3052543630233197
216,11-0.25-75,196.0,170.0,0.7592136854741897,0,0,21,90,728,1086,727,503,199,76,0,0,-0.0027098520303256548,0.005220746689425659,0.2294871814256557,0.9503813456799605,0.1485948071721672,0.2733036426120479
217,11-0.25-90,204.46271053666484,173.07801709055948,0.7529388385051408,0,0,10,120,446,984,966,503,94,12,0,0,0.0008711528999700147,0.0046927024498341335,0.22762935008612364,0.9485716611923929,-0.0202094349269881,0.3159167332108825
218,11-0.35-0,143.0314650697531,121.93850909372314,0.8098712623298675,0,0,0,0,204,704,375,188,61,15,0,0,-0.02747078776405947,0.0026736537279120867,0.33223809972850693,-0.2787869374181776,-0.9077928792009765,-0.3133527277637682
219,11-0.35-15,142.1442928857856,120.93386622447825,0.8076179424643308,0,0,0,0,333,641,268,195,94,37,0,0,-0.018950177842219335,0.005889809293584185,0.33328805449617366,-0.6049086851657552,-0.6853392287347821,-0.405457302521796
220,11-0.35-30,145.11374848717816,122.64175471673585,0.8275549851534926,0,0,0,0,214,755,275,172,64,36,0,0,-0.013036513429012537,0.007879172327229551,0.33307985160949827,0.6900018783657453,0.6300826756049288,0.35622075985865465
221,11-0.35-45,143.27944723511465,122.09013064126027,0.8176982073552929,0,0,0,0,235,651,336,167,92,19,0,0,-0.006202504143500658,0.009026534330953339,0.33300450735999976,-0.8127181052109267,-0.46845153786314825,-0.3464714102722075
222,11-0.35-60,141.50971698084905,120.50311199301038,0.8243433137844982,0,0,0,0,261,632,326,154,78,28,0,0,0.0009664158263590244,0.010443331214334023,0.33259259519269746,-0.8754390634319945,-0.32888290672718645,-0.3541785988452562
223,11-0.35-75,141.56623891309678,121.19818480488888,0.7963248324570682,0,0,0,0,339,600,361,147,112,35,0,0,0.004229110850094731,0.009402159197728969,0.3321567976474281,0.9309030726676586,0.14339968536201567,0.33594047022647744
224,11-0.35-90,141.1523999087511,119.97082978791136,0.7954921656959932,0,0,0,0,203,641,419,159,52,9,0,0,0.008305011834382333,0.007536091718192854,0.3297795014632503,0.9539992707327319,-0.020584597439746832,0.2991014306045007
225,11-0.45-0,110.78808600206071,93.29523031752481,0.8629063467492261,0,0,0,0,42,505,141,77,33,27,0,0,-0.03001046599030306,0.006419010668412121,0.4327940657696973,0.3048815171759752,0.8767482836841364,0.3719673474129101
226,11-0.45-15,110.30865786510141,92.63368717696602,0.8588514694773268,0,0,0,0,86,448,180,85,35,12,0,0,-0.019200626866903082,0.010344740671962173,0.43429949436170356,0.568678552584714,0.7378972005447484,0.36347272973137634
227,11-0.45-30,107.89810007595129,92.91393867445294,0.8221251654327633,0,0,0,0,198,344,147,88,59,30,0,0,-0.010973323646693995,0.012833940687863747,0.4350580242609717,-0.696920691163447,-0.5860776890328789,-0.41329709973110546
228,11-0.45-45,105.54619841567009,92.13034245024816,0.8040923535800834,0,0,0,0,181,373,144,89,59,22,0,0,-0.0019756573122073715,0.013869402683502298,0.43475539663594587,-0.8102764298381583,-0.4282266467418953,-0.40009254712993597
229,11-0.45-60,108.77959367454909,91.6624241442479,0.819777251258466,0,0,0,0,37,496,165,83,32,16,0,0,0.0049269688999360696,0.014141413522955367,0.4335123403739454,-0.8592684886159072,-0.3684989273978603,-0.3547762745426491
230,11-0.45-75,105.0,91.0,0.8334903192046049,0,0,0,0,144,365,161,71,40,26,0,0,0.010608673993389103,0.012834014636530375,0.43299401390334646,-0.9000078816262578,-0.15059521371762236,-0.40903165478476067
231,11-0.45-90,108.63240768757728,92.47702417357513,0.7898664727006394,0,0,0,0,197,340,121,92,35,11,0,22,0.01459192243200856,0.009975583402347197,0.4325793977628369,-0.9409737309140334,-0.01804244500902568,-0.33799838447516367
232,12-0.25-0,214.88834309938733,191.56461051039673,0.7624437912411297,0,0,0,28,599,1571,737,366,265,57,1,0,-0.020233360586258277,-0.0009574231875082657,0.22880178429635795,-0.08620489284957779,-0.9468479442491562,-0.30991561257855305
233,12-0.25-15,213.66328650472454,189.58902921846507,0.7585621817296605,0,0,0,58,375,1786,787,293,197,60,0,0,-0.013691389515386412,-0.0002438951884758185,0.2293154200703037,0.3449456010788595,0.8968816542937307,0.276795647523015
234,12-0.25-30,220.0,186.0,0.7602394916911046,0,0,0,0,483,1796,685,328,176,99,1,0,-0.008803565428004765,0.00040308231940582576,0.23024890948990942,0.552711411965321,0.7694163239761724,0.3201696667117214
235,12-0.25-45,214.89765005695153,185.06485349736184,0.7529544480810871,0,0,0,4,514,1778,664,274,198,115,0,0,-0.004461386156670144,0.0007671646523738381,0.23055370982238427,-0.7283033726182067,-0.608241798240614,-0.3156202026264637
236,12-0.25-60,210.44714300745449,188.2471779336944,0.7513110690775566,0,0,14,75,475,1587,712,349,178,111,0,0,-0.0008402641014127435,0.001014972007709215,0.2303144407340761,-0.8338131191747763,-0.45415864240070286,-0.3138401023208804
237,12-0.25-75,211.482859825566,188.28967045486058,0.7506773351762187,0,0,2,46,531,1474,866,409,167,41,0,0,0.0004140757960438361,-4.798426920251125e-06,0.2291066394683256,-0.9215669455233046,-0.3092119234703797,-0.23473890027559235
238,12-0.25-90,214.11445537375565,186.65744024817226,0.7614962026278197,0,0,4,64,449,1545,836,523,94,39,2,0,0.001103916458213724,-0.0011467606685911101,0.22827517677165218,0.9687470331687106,0.08204993907945328,0.23408757597078791
239,12-0.35-0,149.7230777134908,133.09395177843356,0.7958454414902325,0,0,0,0,244,875,330,161,108,28,0,0,-0.02169426041758307,0.002195063887955332,0.330954691443299,-0.2255258319470872,-0.9341179053182718,-0.2766980991773853
240,12-0.35-15,149.91330828182,133.64505228402584,0.7833224521359898,0,0,0,0,282,908,271,168,111,58,0,0,-0.01400452721795996,0.00344932802545606,0.3319354779977752,-0.4238514704552797,-0.863805281103876,-0.27237908754151974
241,12-0.35-30,151.0,130.0,0.7879266428935303,0,0,0,0,308,868,251,134,102,83,1,0,-0.007898368869269035,0.004724580748511732,0.3324855870234682,-0.636833527089862,-0.6751932787556736,-0.37223258199336784
242,12-0.35-45,150.37286989347513,130.728726758888,0.7732199809291019,0,0,0,0,208,956,232,126,107,54,0,0,-0.0023397973951657706,0.005855414438205584,0.3319758974925727,-0.7549280958356365,-0.5504127080270648,-0.3565521293728215
243,12-0.35-60,149.4590244849738,131.03434664239754,0.7740397465832638,0,0,0,0,322,876,309,143,131,70,0,0,0.003179002598790924,0.005346145103598054,0.3323415205240412,-0.8543218416169888,-0.4159636745458326,-0.31162222705462683
244,12-0.35-75,148.9731519435633,130.86252328302402,0.7789175687234345,0,0,0,0,155,971,283,107,90,53,0,0,0.005693258521671488,0.004887803267462325,0.3309061789150094,-0.9050183736003893,-0.2447746246236545,-0.3478895321593556
245,12-0.35-90,149.30840565755165,131.84839779079607,0.764499816068294,0,0,0,0,150,905,367,134,72,32,0,0,0.008376910906913244,0.0027735148344578305,0.330008568945783,0.9479975446974652,0.06014946947997325,0.3125423116457277
246,12-0.45-0,113.84199576606166,100.88111815399351,0.8194517468906136,0,0,0,0,253,400,154,103,58,52,0,0,-0.023303631636666673,0.006277617908196079,0.4328674811764707,-0.28282448739946114,-0.88466858380658,-0.3706370274984573
247,12-0.45-15,116.93160394008115,101.31633629380802,0.815897132990655,0,0,0,0,28,660,158,67,32,45,1,0,-0.015534424961797196,0.008057595029202823,0.43314267572149556,-0.442334465596232,-0.8295901463098474,-0.34076444898390107
248,12-0.45-30,116.1077086157504,100.07996802557443,0.7994798120808158,0,0,0,0,235,456,112,102,57,59,0,0,-0.0062711545604309535,0.010141619688991185,0.4339584125563178,-0.6206415338033281,-0.6639614332825008,-0.4170842860042794
249,12-0.45-45,116.0775602776006,100.84641788382967,0.7854087791896301,0,0,0,0,255,367,199,84,59,43,0,0,0.001060073361411121,0.009781588675183722,0.43294567857994143,-0.7640500436135751,-0.5098576499418563,-0.39531342963509525
250,12-0.45-60,113.29607230614837,99.72462083156798,0.8048036607245552,0,0,0,0,235,457,139,81,59,67,1,0,0.007108521451158805,0.008723646787112618,0.4318884124831577,-0.8425276528855806,-0.4009194115426134,-0.359737097852639
251,12-0.45-75,114.6298390472568,100.4987562112089,0.8017252370903848,0,0,0,0,221,410,146,91,56,47,0,0,0.012509378525627182,0.006288044025932027,0.4309807340267776,-0.8731916626640178,-0.2362399169742997,-0.4262945248088744
252,12-0.45-90,112.44998888394787,100.44899203078147,0.8220096351187034,0,0,0,0,155,440,202,85,56,22,0,0,0.01597193933983229,0.003622011311687502,0.42914555947916766,0.9260050562584901,0.03265026803528374,0.37609652455311887
253,13-0.25-0,205.8275977608445,182.4828759089466,0.6920924309946511,0,0,0,6,777,1293,639,416,249,61,5,0,-0.021561458416598952,0.004790333682733599,0.22656999815728343,-0.1711463697026586,-0.9152956875931615,-0.3646131160709423
254,13-0.25-15,206.49455198624491,181.43042743707574,0.6841429073151885,0,0,0,3,906,1148,690,392,224,61,42,0,-0.013600482356135342,0.005023506494336414,0.2267151763877669,-0.42802753462222104,-0.8147844715017674,-0.3910481998485723
255,13-0.25-30,205.80573364218986,181.13530854032848,0.6838492279746211,0,0,0,0,909,1188,637,359,281,53,25,0,-0.007452701560899184,0.006400004714406136,0.22648387908748546,-0.6055395189707574,-0.6836931785695961,-0.407290471950997
256,13-0.25-45,203.66639388961548,181.0414317221337,0.6864276923798796,0,0,0,0,894,1215,668,357,237,73,24,0,-0.001844797630585645,0.005730549578592862,0.22690727560553714,-0.7494138724304958,-0.537757029712507,-0.38625927147902916
257,13-0.25-60,202.71161782196896,181.61773041198373,0.6838869952233139,0,0,8,29,595,1428,601,424,237,37,8,0,0.0020708705581161295,0.0054139069029907885,0.22587232776061686,-0.8513250442730179,-0.37646824331624096,-0.3654002336725139
258,13-0.25-75,202.33882474700698,181.46349495146399,0.6708588937624484,0,0,0,30,785,1286,569,475,178,88,10,0,0.004605438856926624,0.002977739542282956,0.22573048836012882,0.9178146513752318,0.1727843793092032,0.35743786031658037
259,13-0.25-90,202.03960007879644,183.02458851203573,0.6748027243698156,0,0,0,0,575,1431,751,341,214,37,1,0,0.006306622481522398,0.0012331098691014857,0.22467237827462674,0.9444677957682558,-0.0032896438348784924,0.328587524109014
260,13-0.35-0,138.74076545846214,127.3459854098275,0.7433745136019367,0,0,0,0,348,693,246,174,121,47,0,0,-0.02381976923634133,0.00826608570332106,0.32854079051565344,-0.2580902912421389,-0.8839004248368998,-0.39001210306821993
261,13-0.35-15,140.2355161861645,126.31706139710502,0.7220785892882245,0,0,0,0,395,623,255,153,99,63,12,0,-0.0150335650943125,0.01011613794206875,0.32955955705625023,-0.4430128222314714,-0.798515715253362,-0.4075687571832742
262,13-0.35-30,141.73566946961517,125.92458060283545,0.7324628267711145,0,0,0,0,412,552,314,194,97,41,8,0,-0.0074746358510587255,0.011163319916631657,0.3296664180222495,-0.6318174193557274,-0.6681095389203547,-0.3929839597264749
263,13-0.35-45,137.64446955835166,125.60652849274993,0.7334702837938669,0,0,0,0,468,556,270,178,117,65,3,0,0.0006320116997773087,0.010833907803204585,0.32972065850331883,-0.764581081650088,-0.48063171740189187,-0.42942859919908655
264,13-0.35-60,137.8985134075056,125.25174649480941,0.7176921448133611,0,0,0,0,363,680,275,173,98,46,12,0,0.007408127674965374,0.010295191597704909,0.32902958707346797,-0.8565371971280561,-0.32181638015662617,-0.40345786322601207
265,13-0.35-75,140.24621207005913,126.64912159190051,0.7049858128213982,0,0,0,0,391,636,305,138,84,54,16,0,0.010919643555014163,0.008128790950043105,0.3277749428448266,0.9041289336201156,0.15178203409854218,0.3993908931308544
266,13-0.35-90,136.61991070118586,126.66885963013956,0.7297107014515887,0,0,0,0,305,745,316,119,105,52,10,0,0.013476962527848652,0.004437063725998785,0.3267589019128333,0.928675292533863,-0.005495968687880376,0.37085306438713145
267,13-0.45-0,107.20541031123382,96.46242791885346,0.7646044947664546,0,0,0,0,309,256,161,97,61,38,12,0,-0.025346431682012855,0.0118846318985546,0.4310298351713067,-0.2741498565071,-0.8327438615413983,-0.481019248307442
268,13-0.45-15,105.09519494249011,97.04638066409278,0.7544777227493821,0,0,0,0,250,353,108,80,65,47,4,0,-0.01527565669228224,0.013636461269713334,0.4308036189966935,-0.4624349393404536,-0.767717719917382,-0.4435802400942213
269,13-0.45-30,106.4048871058092,95.77577981932593,0.7740154504494426,0,0,0,0,185,384,161,102,45,23,12,0,-0.005977128882923239,0.014355924168585518,0.43086679848684234,-0.6618543845772297,-0.6108453075757636,-0.4345305326770118
270,13-0.45-45,103.81233067415451,96.60745312862771,0.7820286080916105,0,0,0,0,317,305,120,83,52,45,28,0,0.003298499533158946,0.01473780504458948,0.43096527488421166,-0.7481980099625406,-0.447896152120048,-0.48947806365980145
271,13-0.45-60,104.21612159354233,95.70788891204319,0.7505284838158772,0,0,0,0,326,294,119,75,70,64,9,0,0.009909527539455584,0.015126834476227792,0.43104538243469187,-0.8289699623412565,-0.2589259299108476,-0.49574808557949923
272,13-0.45-75,103.58571330062848,95.63472172804185,0.7688975836551335,0,0,0,0,312,271,142,80,64,43,8,0,0.015627852131742417,0.011712628138836959,0.43006574065217446,0.8685484631970655,0.17028174479772806,0.465432803384825
273,13-0.45-90,104.12012293500234,96.13012014972206,0.7671034755868268,0,0,0,0,212,358,159,96,54,30,2,0,0.019708002628979145,0.008668583603029639,0.42916573199780567,0.9147254070040962,-0.06581028871706059,0.3986808694685107
274,14-0.25-0,191.66898549321954,182.70194306574848,0.7312463160719905,0,0,0,0,889,1223,618,416,326,32,1,0,-0.019569651207874433,0.006348414689803129,0.22771579337232484,-0.12636869253277505,-0.9409143900548427,-0.3141831697199583
275,14-0.25-15,214.59729728027799,181.1767093199344,0.6642484219209205,0,0,0,0,816,1397,457,386,286,53,41,0,-0.011739188631116412,0.005978808947281729,0.22857275039289876,-0.41171767200921755,-0.8461627245883432,-0.3383743519721054
276,14-0.25-30,198.59506539690256,181.8378398463862,0.6924272361730441,0,0,0,0,960,1288,428,475,233,128,3,0,-0.00519820257991067,0.006314318185223326,0.22917981890469427,-0.6208498234115323,-0.6830204689196561,-0.38474476709455335
277,14-0.25-45,198.33809518093088,180.8535318980528,0.6985753746925439,0,0,0,0,693,1497,500,360,261,82,23,0,-6.482573351200236e-05,0.0060992534257991865,0.22900938200234125,-0.7269215766564535,-0.5928570676940412,-0.3465624311383431
278,14-0.25-60,195.97193676646665,183.25119372053214,0.6889044628489462,0,0,0,0,730,1458,446,443,176,111,16,0,0.004685065860624256,0.005093046307118349,0.22765570830473375,-0.8424789130862418,-0.42378863968494657,-0.3326145966114642
279,14-0.25-75,201.22872558360052,180.64883060789515,0.6814805595328388,0,0,0,0,1147,1252,481,492,267,176,9,0,0.006104408533659504,0.002757817182275106,0.22808000684361815,-0.9320629209439543,-0.24340869830164885,-0.2683484991434106
280,14-0.25-90,196.21671692289624,182.87974190707948,0.6884950656426048,0,0,0,0,352,1890,520,403,174,68,10,0,0.00814555953613083,-0.00045603082148961576,0.22592731914252295,0.9557760961698704,0.028145725409462627,0.29274540497069756
281,14-0.35-0,140.8900280360537,126.14277624977183,0.7286074209394962,0,0,0,0,458,627,268,164,142,57,4,0,-0.021557701856744205,0.009261753352412793,0.3303195070813956,-0.32207103970056655,-0.8576809874214012,-0.4008161289195413
282,14-0.35-15,138.6542462386205,127.67536959022284,0.7374567892317792,0,0,0,0,706,473,253,196,173,106,4,0,-0.011970970720625852,0.009919067012360007,0.33199069626373595,-0.5313116770667204,-0.7551312491744623,-0.38403736580281483
283,14-0.35-30,135.95587519485872,127.45587471748802,0.7282852548467543,0,0,0,0,412,672,220,153,106,67,9,0,-0.004404695480600358,0.011754258142196461,0.33052920897498433,-0.6515896383628401,-0.6247482172030869,-0.43025644478583663
284,14-0.35-45,133.12400234367956,126.73200069437868,0.7541904056504142,0,0,0,0,187,802,288,142,99,30,3,0,0.002621014711947777,0.010629387097259834,0.3300846580141835,-0.7284364845564791,-0.5879388238292608,-0.3517218039889815
285,14-0.35-60,137.44089638822936,126.90547663517127,0.7233687774721497,0,0,0,0,330,777,220,140,98,71,8,0,0.010199972177422734,0.0088764533130292,0.33009862944038953,-0.8428726379002233,-0.36876975634322673,-0.3918859312168225
286,14-0.35-75,129.0348790056394,125.8729518204765,0.757788397992255,0,0,0,0,568,606,235,135,143,113,1,0,0.012306119793647437,0.0055687871171404765,0.3303958515546924,0.8995459252363004,0.18119702989400843,0.39747297360746214
287,14-0.35-90,129.18978287774928,127.1416532848303,0.7598596099697869,0,0,0,0,243,886,191,144,129,43,3,0,0.014625384977521048,0.002026987567620498,0.3285620609151926,0.9336277851999396,0.005562644635989529,0.3582013619283278
288,14-0.45-0,108.67382389517726,96.15092303249095,0.7493476600606113,0,0,0,0,262,361,99,112,61,32,11,0,-0.02349827002185498,0.013184454314562891,0.43070532001066214,-0.331260355550591,-0.8358497651970783,-0.43774621284539417
289,14-0.45-15,102.1420579389313,97.71898484941399,0.7885810962795755,0,0,0,3,351,272,119,81,50,58,23,0,-0.011803443252920607,0.01548145639283177,0.4316286527272733,-0.5712703276713484,-0.621923767135984,-0.5355941005963907
290,14-0.45-30,101.87246929372037,98.2700361249552,0.7974219397528179,0,0,0,0,303,322,117,75,60,62,10,0,-0.0035788713677049502,0.015813902969272917,0.4320955663540574,-0.6188661613550339,-0.6089430162357103,-0.49617847324066816
291,14-0.45-45,101.13851887386922,97.59098319004681,0.7910674627386597,0,0,0,0,287,328,108,93,55,54,9,0,0.00616383888465954,0.014784379751092078,0.4314731761670244,-0.7574879660329984,-0.4165777474871449,-0.5026678442209404
292,14-0.45-60,99.64436762808022,96.56603957913983,0.8092691761989845,0,0,0,0,252,339,136,85,52,43,3,0,0.014894436802301111,0.012705164579549452,0.4306256986043953,-0.8181627462366323,-0.3440777776905257,-0.4606736410628257
293,14-0.45-75,99.92997548283498,97.71898484941399,0.7776709305587323,0,0,0,0,194,379,153,100,49,23,5,0,0.01869032730990034,0.009465490487763007,0.4295081014617949,-0.8907370463181219,-0.1850862994541053,-0.41512718059752884
294,14-0.45-90,100.04498987955368,96.08329719571451,0.8011316339141067,0,0,0,0,169,431,156,73,39,34,7,0,0.022283114941144117,0.004012474244763475,0.4284980894829498,0.8986138652850797,-0.03966100181347606,0.4369440765733761
295,15-0.25-0,197.20547659738054,169.14490828872147,0.7765549011834666,0,0,0,0,840,897,712,348,226,41,6,0,-0.016224019990488597,0.007012617850521165,0.22684954362215018,0.19925320571492092,0.9207575759972728,0.3354156320983771
296,15-0.25-15,197.6916791369834,169.799882214329,0.7626901162835714,0,0,0,0,859,960,591,410,212,37,10,0,-0.008043175264949987,0.006623487549282231,0.2269771721695355,0.37943492054686584,0.8487316892917489,0.36835263086011444
297,15-0.25-30,200.48940121612415,175.410946066658,0.7209671967182795,0,0,0,0,795,922,690,395,175,68,18,0,-0.002290491331538043,0.005677185712575911,0.22787771162259146,0.5932631410689777,0.7064226609585873,0.3860127841576739
298,15-0.25-45,197.2308292331602,173.04623659588788,0.7464975279843281,0,0,0,0,757,995,598,470,181,26,0,0,0.0026519402766808707,0.003844484471060456,0.22714475390485545,0.7297143958835334,0.595620280584526,0.33578770346267917
299,15-0.25-60,194.65096968677037,174.92855684535903,0.7348895826080692,0,0,0,0,908,866,612,459,155,79,10,0,0.00668303199961443,0.0020460713320556764,0.22690150412107488,-0.8566892817336165,-0.36803852566725703,-0.3614292713483681
300,15-0.25-75,192.77188591700815,168.07438829280326,0.7511415856991241,0,0,0,1,777,987,588,470,149,53,1,0,0.007912722387331778,-0.0006396840957799007,0.22604896700264315,-0.9213348239871567,-0.2008400012489826,-0.33287450489165366
301,15-0.25-90,193.9922678871506,175.6359872008012,0.7261676141645738,0,0,0,24,704,1036,627,441,192,12,1,0,0.008456169233918006,-0.0033200074827263687,0.22499563716496535,0.950902491088018,-0.021294399121763116,0.30875718778458366
302,15-0.35-0,138.0905500025255,118.10588469674151,0.7999726989590739,0,0,0,0,557,461,261,186,122,105,2,0,-0.0187957563160567,0.009771035800997632,0.3309844886776863,-0.3092715882429969,-0.8724097818291375,-0.37848679933980656
303,15-0.35-15,141.2834031300209,123.17873193047572,0.7885372012672116,0,0,0,0,437,432,318,145,68,71,16,0,-0.00841120550506661,0.01079269528663079,0.3302864184868866,-0.4977790249015502,-0.7403989489781817,-0.451691751884032
304,15-0.35-30,140.4314779527724,122.40914998479485,0.7816709433160546,0,0,0,0,468,404,290,164,101,56,8,0,-0.0010882142933561348,0.010309916641616353,0.3308865147753185,-0.6422555229605287,-0.6358867283495451,-0.42796718558273805
305,15-0.35-45,136.69308687713507,119.20151005754919,0.7794883124281564,0,0,0,0,317,532,293,198,61,20,12,0,0.006145150552967196,0.009239382496259602,0.33027577591067675,-0.76626559102969,-0.5155127039210817,-0.3835149229168208
306,15-0.35-60,134.31678971744373,116.66190466471906,0.7947208776058767,0,0,0,0,283,580,276,178,92,12,0,0,0.012023914598647439,0.006889036782385646,0.32987265786769954,-0.8720069128554914,-0.35571028599835375,-0.3362649793945317
307,15-0.35-75,135.07405376311175,118.43141475132347,0.7802707505109042,0,0,0,0,285,559,330,166,88,13,0,0,0.014476264923069386,0.003340478229653018,0.329545379562804,-0.93882380832332,-0.1455466233045979,-0.3121314424564236
308,15-0.35-90,133.5065541462291,116.40017182117903,0.7913032781670143,0,0,0,0,281,578,260,216,75,14,0,0,0.016496746105926295,-0.00102074877617275,0.32882977485252857,0.9521431674988986,-0.039014437945824404,0.30315220965207507
309,15-0.45-0,104.0,89.0,0.8359982713915298,0,0,0,0,236,262,139,72,56,29,8,0,-0.020092378121571088,0.01428665699477555,0.4311969201246889,-0.2609621146772328,-0.8505846267405307,-0.4565134909899802
310,15-0.45-15,105.08092119885512,89.28605714219886,0.8200581810210934,0,0,0,0,174,339,135,62,34,41,6,0,-0.009537598042477884,0.014342981513122638,0.43093800060682763,-0.343002296602482,-0.8395361864861538,-0.4213412110222653
311,15-0.45-30,104.20172743289815,89.44271909999159,0.7998853369775317,0,0,0,0,181,311,140,98,55,15,1,0,-0.0005709131035455654,0.0147929329085643,0.43027644233458273,0.6227149443775399,0.6834558768107057,0.3809385285079298
312,15-0.45-45,103.22790320451152,90.21086409075129,0.8330936545766243,0,0,0,0,212,303,162,70,54,32,4,0,0.007753831445843486,0.012850745459617691,0.43036068400238975,-0.7577931442767388,-0.49837843293046097,-0.4211513838003524
313,15-0.45-60,103.71113729971339,90.27181176868004,0.8267294434057831,0,0,0,0,233,269,141,92,67,24,1,0,0.01610259535108948,0.009742736881789602,0.42897291506650637,-0.8261390231041668,-0.3404324090847955,-0.44899898591112153
314,15-0.45-75,103.31505214633539,89.0,0.8135908372404803,0,0,0,0,265,210,154,108,82,15,0,0,0.020243959779016767,0.005951187715299753,0.4282379738129497,-0.9201071939570924,-0.12572383617923838,-0.37093971025596795
315,15-0.45-90,104.47966309287182,88.45903006477066,0.8161503498161924,0,0,0,0,210,248,204,88,41,19,2,0,0.023680832800369454,0.0007530921649507437,0.4271378656650247,0.9067119424763983,-0.026782351262690317,0.42089922669389457
316,16-0.25-0,200.124960961895,176.36609651517495,0.7683751698773449,0,0,0,0,419,1589,721,304,126,51,6,0,-0.023706826242661752,0.0022200320742817243,0.22779399434079556,0.1622646171768857,0.9550173559451509,0.2482177347732664
317,16-0.25-15,197.6866206904251,174.34735443934903,0.7825361507808786,0,0,4,30,463,1449,803,284,128,83,10,0,-0.016308724981813127,0.003779688950009206,0.22838874580516255,-0.40325651699680237,-0.8683557414007176,-0.28869099029241935
318,16-0.25-30,196.0,174.0,0.7853624208304011,0,0,0,14,356,1691,560,301,185,41,6,0,-0.010406844229523447,0.0048083130583861785,0.2283584113601771,-0.585800772849088,-0.7463152161523908,-0.31599217184737527
319,16-0.25-45,195.7268504830137,174.8742405273001,0.7798388499585428,0,0,0,21,456,1560,656,282,159,80,2,0,-0.004765179270504365,0.005134108482804732,0.22800312144589502,-0.7373473865162645,-0.6067903263703195,-0.2968574260836938
320,16-0.25-60,195.47378340841516,174.4706279005151,0.7719524155986488,0,0,0,0,450,1439,855,284,123,32,0,0,-0.0012899918337684541,0.005388393842246312,0.2272177143355319,-0.8703556182195067,-0.43420147609167453,-0.23227177183969508
321,16-0.25-75,196.23710148695125,174.9771413642365,0.7775575769559734,0,0,4,24,375,1481,778,380,84,25,0,0,0.0007945251810542683,0.004644055991228187,0.22648457111393303,-0.9428465826153185,-0.2324033503788918,-0.23880746299745673
322,16-0.25-90,196.65706191235543,175.025712396779,0.7852692253552553,0,0,0,34,300,1484,961,257,133,25,0,0,0.0032577999260482065,0.0036315141287476464,0.22514153142454604,0.9698672723362262,0.02207887208914552,0.24263140245722478
323,16-0.35-0,139.20488497175666,121.74152947946727,0.7978395909446249,0,0,0,0,149,883,274,111,54,55,4,0,-0.026234637106535938,0.00568286891161438,0.3310324444052284,-0.19593041966431768,-0.9426091168789267,-0.27036886549100747
324,16-0.35-15,137.6735268670052,122.57650672131263,0.8047149902730528,0,0,0,0,234,813,294,108,76,66,0,0,-0.016434170329792594,0.007728575209660594,0.3321436486109363,-0.4821151284061337,-0.8089758474051165,-0.33633774881376427
325,16-0.35-30,137.09121051329294,121.10326172320876,0.8132058340696446,0,0,0,0,218,774,289,123,49,72,0,0,-0.010308416294596728,0.009594610405567208,0.3314627029573766,-0.6345151219348708,-0.7014196946931867,-0.3246551584874219
326,16-0.35-45,137.27709204379295,120.78493283518438,0.799891232532244,0,0,0,0,178,868,231,89,96,72,0,0,-0.0027253898350358572,0.010139337560684481,0.3316165440091263,-0.7668262020180533,-0.5117896732012853,-0.3873614672409858
327,16-0.35-60,135.1184665395519,120.7683733433551,0.7989931430055754,0,0,0,0,165,815,287,120,63,41,0,0,0.0037799993369966524,0.010143618574198522,0.3314535231790745,-0.8693068784298789,-0.35952536644213157,-0.33918588119075765
328,16-0.35-75,137.97463535012514,120.28299963003916,0.8045913217611638,0,0,0,0,146,861,264,125,70,20,0,0,0.007017692983549135,0.009039775478876176,0.33038201530955563,0.9345147823905108,0.19233518654543946,0.2994817148176949
329,16-0.35-90,137.84411485442533,121.2023102090055,0.8067265035878778,0,0,0,0,33,950,323,93,65,35,0,0,0.010622422330429624,0.005880869895957306,0.32937508446297487,0.9580427410362058,-0.0152878083238538,0.28621738113623796
330,16-0.45-0,106.62082348209472,93.62157870918435,0.8112594705795113,0,0,0,0,118,416,172,88,31,24,0,0,-0.02714471893168434,0.009106794892438156,0.432039385594818,-0.2514003711875845,-0.9090114613193082,-0.3324094110534186
331,16-0.45-15,106.30145812734649,93.26306878931231,0.8354851554824966,0,0,0,0,171,431,115,100,42,43,0,0,-0.016569867291130826,0.01104200843912417,0.4324097357317082,-0.5589507515437809,-0.7234104174385412,-0.4052794409910745
332,16-0.45-30,104.04326023342406,93.02150289046077,0.8439533175342938,0,0,0,0,201,362,188,85,48,38,0,0,-0.008205397401706062,0.013808419920997822,0.43293571778742024,-0.6781595556245573,-0.6198183456063449,-0.39487318922018066
333,16-0.45-45,112.92918134831227,89.8443097808648,0.811153560361475,0,0,0,0,116,434,164,89,42,20,0,0,-7.66270127167283e-06,0.014120888483294784,0.4321354816069371,-0.7691771320353814,-0.5500455350645622,-0.32529440343996824
334,16-0.45-60,105.11898020814318,93.05912099305473,0.8147384948315269,0,0,0,0,118,464,123,73,49,36,0,0,0.007782988763675556,0.013040518937323303,0.4311826439976832,-0.8410266905362122,-0.3568852582879498,-0.40657965790537287
335,16-0.45-75,105.47511554864494,92.69843580125827,0.8334545120933397,0,0,0,0,150,397,154,71,39,36,0,0,0.012713907602224322,0.011022493243671787,0.4311369388429752,0.9029588941906179,0.1677502590625807,0.39563251381363174
336,16-0.45-90,105.6882207249228,92.64987857520376,0.8376224791327551,0,0,0,0,93,460,148,85,45,19,0,0,0.017538093514111754,0.006611310583341181,0.4304668067058828,0.9290489128649999,-0.03023378185970124,0.3687194542451234
337,17-0.25-0,214.00934559032697,164.01219466856725,0.7523046391542578,0,0,0,0,447,1335,653,445,48,25,21,0,-0.019753419885305976,0.005268053886062548,0.22776790748823164,-0.18124445739398673,-0.9371281515736557,-0.2982302368843622
338,17-0.25-15,211.7829077144801,161.33505508723144,0.7696380984817066,0,0,0,37,426,1374,616,303,91,77,32,0,-0.01084195451591476,0.005332197023880237,0.22873922183017525,-0.39695879005484574,-0.8406145331455034,-0.3684982030658495
339,17-0.25-30,203.17972339778396,162.3884232326923,0.7722608060916853,0,0,0,0,497,1367,603,376,136,19,0,0,-0.005880679210021333,0.005539901291250833,0.22928537772848542,-0.5717515826370916,-0.7626713662318928,-0.30237809921017594
340,17-0.25-45,203.78910667648555,162.96318602678338,0.758443462597893,0,0,0,20,416,1360,669,319,72,56,11,0,-0.0005366207722367467,0.0050040576299623715,0.22896805494013014,-0.7241713574119687,-0.6095415276056211,-0.32254452596240524
341,17-0.25-60,206.71236053995418,161.01242188104618,0.7604123415317015,0,0,0,26,472,1162,732,398,26,41,20,0,0.0033009670805029556,0.0034635968922697223,0.2281535019777548,-0.8372572232474674,-0.43771566554568714,-0.32772753661515347
342,17-0.25-75,205.54804791094466,160.37767924496225,0.763438693810701,0,0,0,45,380,1156,844,349,90,31,6,0,0.0055184146872388875,0.0021651141398069656,0.22753063009307156,-0.9189991714808479,-0.2273501239687528,-0.3221062618902465
343,17-0.25-90,209.97618912629116,161.27616066858735,0.7509710796198442,0,0,0,35,237,1329,866,352,83,1,0,0,0.006608686014777473,-0.00027706029101619094,0.2266079812159838,0.9576862739502894,0.029652154091003465,0.2862826408376429
344,17-0.35-0,142.772546380598,113.1591799192624,0.8138759750303803,0,0,0,0,264,686,217,162,82,38,4,0,-0.02168218878568478,0.00880906006340674,0.3306673571920162,-0.20106210545934122,-0.9164887464469976,-0.34586472411083996
345,17-0.35-15,142.0,112.0,0.8202339034205232,0,0,0,0,249,705,190,134,71,52,18,0,-0.012366044599890762,0.009856253505602531,0.3308555095771674,-0.42186520201086014,-0.8102373176763095,-0.40687251120840706
346,17-0.35-30,142.63590010933433,113.78049041905207,0.7972675067157985,0,0,0,0,249,672,255,100,62,50,12,0,-0.005659775479516437,0.010614346771778577,0.33060807239999973,-0.5885153340454927,-0.7207911309509837,-0.36621011337171455
347,17-0.35-45,141.76741515595182,113.59577456930342,0.7872490573774403,0,0,0,0,178,695,287,153,35,34,0,0,0.0026002383058227204,0.010001572754848054,0.3305984547250361,-0.747932620546246,-0.5779957107675756,-0.32637057688632154
348,17-0.35-60,142.42541907960108,112.69871339105873,0.8056114825412807,0,0,0,0,125,785,264,137,42,30,5,0,0.008458222898132573,0.008742875907341496,0.32956025253602333,-0.8618208609725635,-0.386217391385055,-0.3287870590279254
349,17-0.35-75,143.28293687665675,110.22250223978767,0.8006076700451851,0,0,0,0,84,853,240,112,69,21,2,0,0.011862998853776263,0.005687073278457636,0.3290421459522087,-0.9233054517967206,-0.20733377457579308,-0.323295141631618
350,17-0.35-90,143.17122615944868,112.16059914247963,0.7941751518474174,0,0,0,0,32,890,275,132,61,11,0,0,0.01464893956628766,0.0010270961396573856,0.32771454254104304,0.9599582805329541,0.0162578614002321,0.2796708450641669
351,17-0.45-0,109.45775440780794,87.36704184073076,0.8350935716144557,0,0,0,0,217,308,113,90,44,35,5,0,-0.02340095044088669,0.012378630949174877,0.43191721963054286,-0.23252270598452143,-0.8705666021722172,-0.43364384278340257
352,17-0.45-15,109.0,85.0,0.8495412844036697,0,0,0,0,353,204,111,88,69,72,0,0,-0.011115531678410258,0.013302873482162763,0.43406483115942035,-0.5583624693661523,-0.6353482565067196,-0.5334453540496947
353,17-0.45-30,109.20164833920778,86.1278120005379,0.8317651536794975,0,0,0,0,191,324,118,69,42,40,3,0,-0.003911314501135957,0.014022690790254123,0.43230165538754817,-0.583539429908354,-0.6883611447087973,-0.4308603813272083
354,17-0.45-45,108.67382389517726,85.86617494683223,0.8229199704704392,0,0,0,0,131,411,111,73,38,39,7,0,0.005518772536560498,0.013815137579308655,0.43152596728395115,-0.7495474952532772,-0.49829084713377475,-0.43575771252181333
355,17-0.45-60,109.22453936730518,87.20665112249179,0.8301219694677866,0,0,0,0,178,357,106,68,46,48,1,0,0.013553089809048501,0.011318824550236325,0.43190099855721503,-0.8103345029568987,-0.3771570145022579,-0.4484535424426253
356,17-0.45-75,110.0,85.0,0.8342245989304813,0,0,0,0,271,271,123,82,59,47,1,0,0.017656004286361836,0.007657826425644025,0.4317589088641695,0.8742165543022864,0.16974882153535806,0.4548964209259011
357,17-0.45-90,109.5627673984187,86.7294644281861,0.8142221991948578,0,0,0,0,130,332,187,62,33,21,1,0,0.02112426539020888,0.0023326483432245435,0.42969218211488314,0.9235089255026293,0.018654129923348747,0.38312307154983755
358,18-0.25-0,225.94247055390008,174.4706279005151,0.756158155002662,0,0,0,0,682,1301,744,259,299,16,0,0,-0.015501227575825489,0.004843666495246898,0.22728017221750854,0.024415599812965882,0.9586872054470266,0.2834126330951811
359,18-0.25-15,225.1754871206011,171.81385275931623,0.7614453045110348,0,0,0,0,766,1283,668,323,277,47,4,0,-0.006914556886173703,0.003986528017645487,0.22885403945665128,-0.25244107869459737,-0.91655317805951,-0.3101673315752648
360,18-0.25-30,218.0,171.0,0.7780728579859435,0,0,0,0,742,1175,815,321,242,27,13,0,-0.0018344180407505305,0.003262860406167914,0.22833433951124443,-0.4817612158205404,-0.819013036571947,-0.3116468784639329
361,18-0.25-45,218.52459815773602,172.20046457544765,0.7716176242413378,0,0,0,0,691,1146,853,298,214,50,2,0,0.0031097561696050964,0.0020667144391425976,0.22849706226183167,-0.6339120790533533,-0.713886894407582,-0.29752475195074585
362,18-0.25-60,217.79348015953096,173.07223925286226,0.7609963379381817,0,0,0,0,732,1318,708,286,212,72,12,0,0.006860877696511367,0.00018972282141616558,0.22765816337724573,-0.8106072421680085,-0.4770550219254843,-0.33960919451694943
363,18-0.25-75,214.13313615599057,179.90275150758535,0.7532096218327754,0,0,0,0,641,1254,851,305,156,64,0,0,0.007501446022119535,-0.002324248695912559,0.22668837029960281,-0.900877209251278,-0.3282741291028723,-0.28400061622007083
364,18-0.25-90,215.23243250030885,180.40509970618902,0.7656900311564988,0,0,0,0,578,1295,885,306,162,22,10,0,0.007388253894015658,-0.005523260879112966,0.22597904260282342,0.9534137736113643,0.1404748986323518,0.2669625051245376
365,18-0.35-0,156.16977940690063,120.70211265756701,0.7995216002402494,0,0,0,0,444,598,269,117,124,70,13,0,-0.01695354953125386,0.008410033574146792,0.3302552370519881,0.0738281857479567,0.9375797458611416,0.3398435215509079
366,18-0.35-15,155.36408851468863,120.83873551142449,0.8064876957494406,0,0,0,0,442,647,219,142,102,95,29,0,-0.007421778498400362,0.008729226651957047,0.33134549302506006,-0.3874153627710054,-0.8187445382399269,-0.42375313307549617
367,18-0.35-30,154.0,121.0,0.818664806268112,0,0,0,0,338,628,318,128,121,31,10,0,-0.0012224253963456168,0.008540608772210934,0.3305809465374846,-0.4898521246731506,-0.8032154229288339,-0.3389540976628763
368,18-0.35-45,149.75313018431368,127.66362050325849,0.7912427455648093,0,0,0,0,354,710,243,144,124,61,9,0,0.005167584025063219,0.006226314151671737,0.33095347255319196,-0.7083762382537785,-0.5885000494050855,-0.3897060391213331
369,18-0.35-60,151.99013125857877,124.33824833895642,0.7913457650132493,0,0,0,0,359,702,245,148,96,60,8,0,0.010951586695639682,0.004791897664042027,0.3302295526514207,-0.8031631999308523,-0.46618479837249316,-0.3709455594062715
370,18-0.35-75,150.74813431681335,125.67418191498204,0.8015244660493211,0,0,0,0,282,710,319,126,100,37,1,0,0.013047199843575885,0.0011056405992063499,0.32926950500952423,-0.8871555116025309,-0.3357431470490467,-0.3165938051239374
371,18-0.35-90,152.97712247261026,119.36498649101419,0.8153290555767497,0,0,0,0,283,693,305,111,101,39,3,0,0.014303798213132253,-0.0024669180265732968,0.32827014093159657,0.9345695387990627,0.12209581109066751,0.33417419119827213
372,18-0.45-0,124.88794977899188,93.1074647920348,0.8014275619066065,0,0,0,0,288,295,146,88,57,47,11,0,-0.01853602381115882,0.011402003058347626,0.43125797841201796,0.15945283920661843,0.8902545471833605,0.4266399340055946
373,18-0.45-15,121.01652779682617,92.39588735436226,0.8223456602215021,0,0,0,0,245,358,129,85,50,44,15,0,-0.00799135175248164,0.01244247230468682,0.43174545260259245,-0.36149486927002045,-0.8157161504178372,-0.45158456731708074
374,18-0.45-30,118.0,93.0,0.8344268270457444,0,0,0,0,357,267,111,91,64,79,2,0,-0.0011514818417806359,0.011135275773326478,0.4329292893923792,-0.49219448559889734,-0.7800129983346985,-0.38642503901138503
375,18-0.45-45,120.07081243999309,93.14504817756014,0.8154505264288018,0,0,0,0,288,306,114,82,55,51,13,0,0.008382336191875686,0.010818336637425744,0.43094598519251964,-0.6970099633620785,-0.5417635064440808,-0.46975463175939886
376,18-0.45-60,118.59595271340417,91.7877987534291,0.8074842349214182,0,0,0,0,288,301,119,100,62,46,5,0,0.015526607713270356,0.009339020352671012,0.43114571510314925,-0.7796004582551865,-0.432947239544792,-0.4525260360010762
377,18-0.45-75,117.37972567696688,91.21951545584969,0.8412000920361594,0,0,0,0,279,347,136,108,76,38,12,0,0.018664361774549193,0.005322794450973901,0.4309597328012052,-0.877924352706365,-0.30767953897848727,-0.36685437467624066
378,18-0.45-90,118.70130580579136,90.91754506144565,0.8244045756209898,0,0,0,0,193,348,197,80,46,31,1,0,0.021958960214508945,1.4093023727675939e-05,0.42944254244419794,0.933750214001293,0.10430458542037137,0.34239026170851333
379,19-0.25-0,234.2007685726074,175.32826355154492,0.7728067098963074,0,0,0,3,721,1250,859,464,209,33,1,0,-0.02069301492274015,0.007011375301432211,0.22753243609039536,0.03780909603964086,0.9418845334227133,0.3338023336583237
380,19-0.25-15,235.9194777885031,176.08236708995025,0.7781660914642664,0,0,0,0,737,1460,562,457,164,87,45,0,-0.01160929367030124,0.007799158620464139,0.22796735256548917,-0.3215325439389748,-0.8629597095318199,-0.38976577955598957
381,19-0.25-30,234.58047659598614,177.73013250431114,0.7851862451690478,0,0,0,0,670,1578,514,460,160,94,5,0,-0.0060856269520123355,0.007924744837644365,0.22827172041941957,-0.5053097793265935,-0.7734083325572607,-0.3827552456177537
382,19-0.25-45,233.00214591286493,177.1016657177453,0.7776795588443425,0,0,0,2,652,1512,628,422,205,82,1,0,0.00032681665662386353,0.0067167538409332135,0.2279402246147258,-0.6706624420645785,-0.6422928401319062,-0.37104150215207116
383,19-0.25-60,232.99785406737118,177.89041570584965,0.7720018888310177,0,0,0,8,575,1411,718,542,144,15,0,0,0.004217913301615295,0.00533769445218576,0.2274634299736301,-0.7970541004270256,-0.511872508224267,-0.32045482726378555
384,19-0.25-75,232.17450333746814,177.1016657177453,0.7749797964219397,0,0,0,0,540,1454,708,488,164,7,0,0,0.006491131280525751,0.0032392572331300215,0.22675619724784227,-0.8939482105989404,-0.3136829684019191,-0.32009309911573075
385,19-0.25-90,237.53947040439405,176.64653973401235,0.7773734864733164,0,0,0,21,494,1450,847,441,165,5,0,0,0.008382336027453967,8.644954998831846e-05,0.2259369346362841,0.9488946983164137,0.09049337710959622,0.302340536822806
386,19-0.35-0,159.67780058605516,123.4382436686459,0.7921727504970534,0,0,0,0,309,749,282,194,115,34,3,0,-0.022790201048102008,0.011508525629750896,0.330849440409252,-0.13591502250377627,-0.9118632124284443,-0.38734040387942464
387,19-0.35-15,162.63455967290594,122.18837915284743,0.8101830145588743,0,0,0,0,431,617,329,176,103,66,2,0,-0.012389342902785962,0.011534851613114837,0.33184230347447774,-0.35272851468953575,-0.8447070154828294,-0.4025576392505859
388,19-0.35-30,160.0781059358212,123.06502346320826,0.8086287904960311,0,0,0,0,409,651,286,177,92,71,4,0,-0.004843400656157377,0.012047398593189353,0.3316600556153841,-0.5371897490713223,-0.741708861043512,-0.40161566072829635
389,19-0.35-45,157.4420528321452,122.10241602851272,0.7763190426057796,0,0,0,0,395,574,338,209,90,46,0,0,0.003671612441487892,0.011778878862863204,0.33140292731234855,-0.6893847404101006,-0.6074420802105219,-0.39466796028967416
390,19-0.35-60,157.95252451290546,120.22063050907694,0.8092515099798816,0,0,0,0,301,708,320,182,94,34,0,0,0.009764207833462483,0.009888799012831004,0.33092887646735786,-0.8101640201064753,-0.46525196987697504,-0.3566158508121997
391,19-0.35-75,156.0,121.0,0.7866073320618775,0,0,0,0,176,864,273,211,77,16,0,0,0.013266725584842941,0.007320788369591836,0.32973247582560267,-0.9012172437294947,-0.27597493255185973,-0.33413368014554995
392,19-0.35-90,158.51813776347487,120.44085685513866,0.7692726577946618,0,0,0,0,205,814,319,205,81,3,0,0,0.01519787311167425,0.002590670048709275,0.32876842559311664,0.9544883352088274,0.08035849444908395,0.2872186106786217
393,19-0.45-0,123.03251602726817,92.69843580125827,0.8054417356308582,0,0,0,2,311,264,164,104,71,49,0,0,-0.024404753893264255,0.014081126066269427,0.4328643782176172,-0.16417769009905508,-0.8778794523498609,-0.44985925934190474
394,19-0.45-15,120.60265337047937,94.2019108086455,0.8279200485932211,0,0,0,0,331,260,146,120,71,46,1,0,-0.012616719194617428,0.016047151108000007,0.4330801433435911,-0.42598894885508104,-0.774967015752498,-0.46686137123241495
395,19-0.45-30,121.59358535712317,91.44397191723465,0.8200377433330654,0,0,0,0,184,397,156,96,56,27,0,0,-0.004509743681996736,0.01708285899668123,0.43213491992358183,-0.4719280139727263,-0.7914286905041197,-0.3884901253245602
396,19-0.45-45,118.06777714516353,93.47192091746055,0.7991104092911081,0,0,0,0,212,384,126,104,62,34,2,0,0.004836381864380951,0.01551948625925324,0.431904345389611,-0.6801926681657754,-0.5932656129942302,-0.43055063187981
397,19-0.45-60,118.66338946785567,94.14881836751856,0.7876822322775362,0,0,0,0,329,273,133,106,69,56,3,0,0.013157779911576883,0.01410145050240455,0.4320527851186791,-0.7694764760196293,-0.45740045182787753,-0.44574743916265663
398,19-0.45-75,118.0,92.0,0.8160464259395726,0,0,0,0,229,333,176,111,64,23,0,0,0.018536274946196588,0.010268029221891012,0.4312023310576923,0.883325907138007,0.2189425560353143,0.4144870310824456
399,19-0.45-90,124.03628501370073,93.15041599477696,0.8058658972621958,0,0,0,0,156,395,182,100,47,23,0,0,0.022409804703654466,0.004826591609080842,0.42943626517165084,0.921784582702928,0.04540534675724688,0.3850344628433186
400,20-0.25-0,195.6041921841145,178.48809484108457,0.7700279237799993,0,0,0,0,616,1364,771,345,179,54,0,0,-0.01580518300768998,0.0088770853856954,0.22974411714629026,0.02002955024256826,0.9712721576257392,0.2371269974889443
401,20-0.25-15,196.02295783912658,176.91806012954132,0.7659457582380421,0,0,0,4,481,1545,646,374,201,23,0,0,-0.007179277907548584,0.008207674754410508,0.23033901472816123,-0.20386323011810403,-0.9387790404521605,-0.27772953860461735
402,20-0.25-30,194.81273059017474,176.459627110566,0.7594705068316211,0,0,0,30,406,1504,758,377,143,36,0,0,-0.0006016717053850628,0.007144147185224345,0.23073994675476295,-0.4261001916984363,-0.8634473077815465,-0.26999513573276646
403,20-0.25-45,193.7937047481161,177.15812146215595,0.7662501862862371,0,0,0,1,491,1451,775,389,137,22,0,0,0.005641033860235759,0.005185743053533384,0.23085531252296268,-0.6409449194222906,-0.7309391106189653,-0.23434510200622743
404,20-0.25-60,189.0952141118331,177.05366418123066,0.7712962839105311,0,0,0,16,231,1667,726,366,139,1,0,0,0.00840697804689002,0.00297175828175779,0.2306371929434207,-0.7678627754679954,-0.6053048599804522,-0.20974456973812644
405,20-0.25-75,193.12690128513947,176.50212463310464,0.7545917001625405,0,0,0,0,255,1688,783,322,96,22,0,0,0.010649383905870821,-0.00036853065765951435,0.22981349317119418,-0.8810101583738168,-0.4218017290579744,-0.21425312647857744
406,20-0.25-90,204.59960899278374,174.07182425654074,0.7352514394552189,0,0,0,0,125,1819,742,301,152,3,0,0,0.011129065364125725,-0.004157171532733934,0.22909240967854788,0.9536754366961416,0.21309237633115297,0.21235536393499896
407,20-0.35-0,136.93794214898952,123.79418403139947,0.8128776424738734,0,0,0,0,303,732,256,149,111,43,0,0,-0.016926685059724,0.012843887837308656,0.33156816809912165,0.05875037470978686,0.9446762197689809,0.3226999121079022
408,20-0.35-15,145.13442045221387,122.78436382536663,0.7663758696798729,0,0,0,0,201,799,325,142,75,32,2,0,-0.0070186428751078545,0.012685765483134492,0.3309069065038066,-0.34242928879295814,-0.8769940223124321,-0.33708109855791446
409,20-0.35-30,146.03081866510234,123.03657992645927,0.8010738500468023,0,0,0,0,255,726,312,144,110,25,0,0,0.0006747848337372781,0.011251625946354963,0.331867216679389,-0.4766946065297463,-0.8159087111850716,-0.3271929508986493
410,20-0.35-45,144.5856147754679,123.2233744059949,0.7575074110407071,0,0,0,0,158,792,378,155,62,33,0,0,0.008022711471487325,0.009366387943650193,0.3321853610139413,-0.6838154615818267,-0.6794316719002217,-0.26602446827407233
411,20-0.35-60,133.86933928274988,123.90722335683259,0.8093503325442497,0,0,0,0,57,891,358,123,81,8,0,0,0.014322486258395915,0.007173441837872195,0.33070009490777275,-0.7964298050145894,-0.5451451539619662,-0.2617562354485703
412,20-0.35-75,135.5949851580065,123.94353553130554,0.7813819338434976,0,0,0,0,142,801,347,141,87,14,0,0,0.016955882010094663,0.0030811008814099223,0.33008361622715415,-0.8841249163721903,-0.36391327175322485,-0.29307040603194884
413,20-0.35-90,134.8517704741024,124.66354719804824,0.7939397158860357,0,0,0,0,174,754,402,140,74,9,0,0,0.018578782901738592,-0.0029599052916806238,0.3287028097617514,0.9487484549819346,0.1566190320816503,0.2744938031344228
414,20-0.45-0,104.12012293500234,95.13148795220224,0.843201797822219,0,0,0,0,151,413,181,87,47,24,0,0,-0.01855608038870433,0.015776580650996685,0.43303277893687714,0.051100669127384805,0.934123060731039,0.35327443868076447
415,20-0.45-15,104.6900186264192,94.64142856064674,0.8367974555453522,0,0,0,0,174,389,177,92,49,29,0,0,-0.006849346905937367,0.01596095472090112,0.4339305642527486,-0.3022296938382879,-0.9025201872204771,-0.3067809052433504
416,20-0.45-30,104.17773274553444,94.33981132056604,0.8232510557779523,0,0,0,0,121,387,206,87,33,16,0,0,0.0016415812369670597,0.016274464967823532,0.4334141378117653,-0.41866454867778097,-0.8404039331105962,-0.3441529091736269
417,20-0.45-45,103.46980235798269,94.86832980505137,0.8481045007321634,0,0,0,0,147,408,155,84,62,14,0,0,0.010683067263073564,0.014255528098563222,0.4333776942413806,-0.6032992501919803,-0.7090541096492102,-0.3650647672774794
418,20-0.45-60,102.7277956543408,94.92101980067429,0.8401166251166899,0,0,0,0,125,420,176,102,55,9,0,0,0.018317116912626833,0.011543151933968423,0.43323288739571714,-0.8022031848204999,-0.4758389826596827,-0.36062073268912986
419,20-0.45-75,103.31505214633539,94.37160589923221,0.8136404093929015,0,0,0,0,200,395,164,109,56,23,0,0,0.022850686530095043,0.006395547970601903,0.43349988605068757,-0.874323668522189,-0.3712750860556872,-0.3125906798614497
420,20-0.45-90,103.16006979447037,95.12623192369179,0.8261297303437494,0,0,0,0,53,510,198,60,44,17,0,0,0.025826787659070274,0.0004278575766213127,0.4317971240362818,0.9371656457891611,0.12560697750769584,0.32548953831723343
