no.,pcd_name,x,y,z,angle,reverse,volume,length,width,height,bias,weight
1,1-0.25-0.pcd,-0.020350096,-0.015211681,0.232426944,-17.54552956,0,1.97E-05,-0.039624123,-0.032224126,-0.036406884,-2,19.01
2,1-0.25-15.pcd,-0.015719775,-0.012953782,0.23384682,-30.29960074,0,1.86E-05,-0.040120172,-0.032017212,-0.034553711,-2,19.01
3,1-0.25-30.pcd,-0.010780212,-0.007585438,0.233137622,-43.09936205,0,2.22E-05,-0.04124841,-0.03315195,-0.036233166,-2,19.01
4,1-0.25-45.pcd,-0.011686575,-0.009953189,0.234288331,-56.96952847,0,2.04E-05,-0.040757521,-0.030836883,-0.033767175,-2,19.01
5,1-0.25-60.pcd,-0.00916559,-0.006998491,0.232580694,-67.11647951,0,2.14E-05,-0.042887706,-0.031033535,-0.037002425,-2,19.01
6,1-0.25-75.pcd,-0.010192806,-0.006078702,0.234553806,-78.57259508,0,1.94E-05,-0.038838874,-0.032430974,-0.032382576,-2,19.01
7,1-0.25-90.pcd,-0.012189674,-0.003671044,0.232723222,87.87832389,1,2.19E-05,-0.039310882,-0.031459916,-0.034581163,-2,19.01
8,1-0.35-0.pcd,-0.022562054,-0.011957338,0.3380791,-22.78504693,0,1.82E-05,-0.039566819,-0.032527912,-0.029434054,-2,19.01
9,1-0.35-15.pcd,-0.012018107,-0.003168028,0.338336739,-39.64260761,0,2.01E-05,-0.038970778,-0.032085348,-0.02927256,-2,19.01
10,1-0.35-30.pcd,-0.011782507,-0.005791828,0.338442997,-48.82871134,0,1.99E-05,-0.040414271,-0.031092396,-0.029471559,-2,19.01
11,1-0.35-45.pcd,-0.007196465,-0.004567997,0.338285927,-57.10886165,0,1.79E-05,-0.041064491,-0.030042266,-0.029758077,-2,19.01
12,1-0.35-60.pcd,-0.002520788,-0.003037817,0.337983199,-69.21348007,0,1.92E-05,-0.039867597,-0.030783867,-0.030148922,-2,19.01
13,1-0.35-75.pcd,-0.004886883,-0.002842504,0.337522511,-80.59577923,0,1.93E-05,-0.039410224,-0.029871674,-0.030206143,-2,19.01
14,1-0.35-90.pcd,-0.002106075,-0.002908627,0.336304829,85.95686598,1,1.80E-05,-0.040305195,-0.029806129,-0.029624514,-2,19.01
15,1-0.45-0.pcd,-0.020500177,-0.001853272,0.439397677,-23.28121342,0,1.82E-05,-0.037760642,-0.031665922,-0.028676366,-2,19.01
16,1-0.45-15.pcd,-0.014307262,-0.001973072,0.439576019,-40.95763864,0,1.70E-05,-0.03841611,-0.030371727,-0.029346302,-2,19.01
17,1-0.45-30.pcd,-0.006469867,0.00184722,0.439864059,-45.34628173,0,1.64E-05,-0.039126692,-0.03179047,-0.028602974,-2,19.01
18,1-0.45-45.pcd,-0.004785534,-0.000690081,0.438866388,-59.37366755,0,1.88E-05,-0.038182702,-0.029253762,-0.029410022,-2,19.01
19,1-0.45-60.pcd,-0.000585379,-0.000448883,0.438539144,-71.77700279,0,1.82E-05,-0.039325644,-0.029418614,-0.029119175,-2,19.01
20,1-0.45-75.pcd,0.000716835,-0.000133331,0.437762651,-80.32957739,0,1.80E-05,-0.038089832,-0.029267247,-0.029027726,-2,19.01
21,1-0.45-90.pcd,0.004063189,-0.001655666,0.436475409,86.15958919,1,1.67E-05,-0.039049993,-0.029019568,-0.029520957,-2,19.01
22,2-0.25-0.pcd,-0.016905325,-0.005727921,0.233060996,-7.591904672,0,1.28E-05,-0.036874794,-0.025181724,-0.03269495,-4,11.73
23,2-0.25-15.pcd,-0.014170908,-0.010148054,0.233811036,-22.86235565,0,1.50E-05,-0.036725002,-0.026822869,-0.032017058,-4,11.73
24,2-0.25-30.pcd,-0.007616741,-0.004663062,0.234491554,-32.11456389,0,1.25E-05,-0.037433385,-0.025967382,-0.030557885,-4,11.73
25,2-0.25-45.pcd,-0.003139618,-0.003924131,0.233709698,-48.1858282,0,1.30E-05,-0.038142324,-0.027449923,-0.032005832,-4,11.73
26,2-0.25-60.pcd,-0.000368132,-0.003913036,0.232565398,-58.47151761,0,1.20E-05,-0.037975912,-0.025562218,-0.032990338,-4,11.73
27,2-0.25-75.pcd,-0.001201229,-0.004749055,0.232867279,-72.65851248,0,1.14E-05,-0.037222611,-0.024412364,-0.03195724,-4,11.73
28,2-0.25-90.pcd,-0.00207148,-0.006036541,0.232466857,-85.43372504,0,1.28E-05,-0.038330648,-0.025192008,-0.031317683,-4,11.73
29,2-0.35-0.pcd,-0.018643316,-0.00735212,0.338921382,-12.21887213,0,1.12E-05,-0.035835121,-0.026778766,-0.02540573,-4,11.73
30,2-0.35-15.pcd,-0.010088223,8.29E-05,0.338529441,-30.52977818,0,1.20E-05,-0.035660051,-0.027700124,-0.026306208,-4,11.73
31,2-0.35-30.pcd,-0.007845619,-0.003009038,0.338517237,-36.49037501,0,1.20E-05,-0.038315111,-0.029602843,-0.027135475,-4,11.73
32,2-0.35-45.pcd,0.001637559,0.002144668,0.339226314,-51.00516824,0,1.19E-05,-0.03838783,-0.026492296,-0.024944184,-4,11.73
33,2-0.35-60.pcd,0.002027096,-0.001954641,0.338142826,-62.19533511,0,1.12E-05,-0.036556071,-0.024176955,-0.02671142,-4,11.73
34,2-0.35-75.pcd,0.007126432,-0.001592363,0.337047695,-73.30637822,0,1.03E-05,-0.035913342,-0.023962758,-0.026523491,-4,11.73
35,2-0.35-90.pcd,0.004707159,-0.004545115,0.336331846,-86.76479741,0,1.00E-05,-0.038251519,-0.023892722,-0.026095513,-4,11.73
36,2-0.45-0.pcd,-0.019391878,0.003508204,0.440141694,-10.15337093,0,1.21E-05,-0.038504128,-0.02692158,-0.024862485,-4,11.73
37,2-0.45-15.pcd,-0.012758558,0.001012071,0.440891735,-33.44558389,0,1.13E-05,-0.035393518,-0.026164549,-0.024876973,-4,11.73
38,2-0.45-30.pcd,-0.005499517,0.00311334,0.440906849,-40.5377392,0,9.45E-06,-0.036808763,-0.025315685,-0.025335567,-4,11.73
39,2-0.45-45.pcd,-0.00081835,0.001993591,0.44057091,-53.04262131,0,1.10E-05,-0.037015875,-0.02548344,-0.025560236,-4,11.73
40,2-0.45-60.pcd,0.008941701,0.00306912,0.439802944,-65.86067153,0,1.06E-05,-0.037517014,-0.023862486,-0.025726955,-4,11.73
41,2-0.45-75.pcd,0.007347854,0.000636898,0.438237043,-77.84257546,0,1.04E-05,-0.036276771,-0.022933977,-0.026322705,-4,11.73
42,2-0.45-90.pcd,0.011781103,-0.001111824,0.438088583,89.72232009,1,9.64E-06,-0.0399217,-0.021977038,-0.02467986,-4,11.73
43,3-0.25-0.pcd,-0.032492714,-0.012774488,0.23332717,-10.49828965,0,1.64E-05,-0.043217651,-0.030879853,-0.031583783,-8,15.07
44,3-0.25-15.pcd,-0.026253526,-0.004647614,0.235550715,-23.55644874,0,1.71E-05,-0.041932548,-0.028655441,-0.027483374,-8,15.07
45,3-0.25-30.pcd,-0.021924638,-0.001167732,0.234469754,-36.55475613,0,1.65E-05,-0.041777744,-0.028794527,-0.030773007,-8,15.07
46,3-0.25-45.pcd,-0.020053415,-0.000138379,0.236043861,-52.735045,0,1.78E-05,-0.043701856,-0.028319031,-0.028092237,-8,15.07
47,3-0.25-60.pcd,-0.014478298,0.005171345,0.234059578,-64.46138468,0,1.92E-05,-0.043694654,-0.028540231,-0.030859803,-8,15.07
48,3-0.25-75.pcd,-0.010733872,0.00703772,0.234535631,-77.03053429,0,1.80E-05,-0.043128215,-0.027819075,-0.029202492,-8,15.07
49,3-0.25-90.pcd,-0.006830735,0.008921093,0.232917706,89.27862571,1,1.78E-05,-0.040922662,-0.030010318,-0.0295755,-8,15.07
50,3-0.35-0.pcd,-0.034074226,-0.00688541,0.33831578,-16.95020675,0,1.75E-05,-0.040831035,-0.030292002,-0.027180572,-8,15.07
51,3-0.35-15.pcd,-0.022165335,0.005277254,0.338716374,-32.71636784,0,1.64E-05,-0.041281431,-0.029593226,-0.026829796,-8,15.07
52,3-0.35-30.pcd,-0.016502496,0.007723685,0.338965821,-43.15694041,0,1.61E-05,-0.042011269,-0.030032047,-0.026931123,-8,15.07
53,3-0.35-45.pcd,-0.017548702,0.005401193,0.339057722,-54.4160044,0,1.57E-05,-0.041627337,-0.027681152,-0.027224862,-8,15.07
54,3-0.35-60.pcd,-0.010835067,0.008436319,0.337791396,-65.87110248,0,1.54E-05,-0.041943103,-0.027804166,-0.027634033,-8,15.07
55,3-0.35-75.pcd,-0.006554007,0.010168074,0.337563444,-77.0039422,0,1.53E-05,-0.042448076,-0.026837134,-0.026889873,-8,15.07
56,3-0.35-90.pcd,0.003109221,0.010778392,0.336557219,88.7653371,1,1.53E-05,-0.042429168,-0.025999961,-0.027068382,-8,15.07
57,3-0.45-0.pcd,-0.034720125,-0.001889655,0.438544615,-26.25325021,0,1.57E-05,-0.039999111,-0.030945938,-0.027406305,-8,15.07
58,3-0.45-15.pcd,-0.026528059,0.002906026,0.439199271,-27.99193722,0,1.57E-05,-0.040168927,-0.028230177,-0.026996937,-8,15.07
59,3-0.45-30.pcd,-0.018344315,0.008258914,0.43959734,-43.76770784,0,1.53E-05,-0.039861826,-0.027682555,-0.026344686,-8,15.07
60,3-0.45-45.pcd,-0.01241358,0.01097167,0.439111992,-56.36845166,0,1.58E-05,-0.041105978,-0.027829878,-0.026758519,-8,15.07
61,3-0.45-60.pcd,-0.009106821,0.010563971,0.438699253,-68.25997263,0,1.46E-05,-0.040670821,-0.028275822,-0.026659764,-8,15.07
62,3-0.45-75.pcd,0.002629147,0.013407244,0.43697828,-81.3781827,0,1.64E-05,-0.040887822,-0.02889523,-0.027249095,-8,15.07
63,3-0.45-90.pcd,0.001840586,0.012883752,0.436300782,86.20984919,1,1.57E-05,-0.042239349,-0.029222135,-0.026856366,-8,15.07
64,4-0.25-0.pcd,-0.031013276,-0.007388407,0.234207623,-9.410062366,0,1.96E-05,-0.04335138,-0.032298354,-0.030884404,-2,16.3
65,4-0.25-15.pcd,-0.024161007,-0.002468491,0.233344798,-21.70204261,0,1.63E-05,-0.045451572,-0.028968215,-0.033039307,-2,16.3
66,4-0.25-30.pcd,-0.021780406,-0.00171084,0.234005824,-35.79692894,0,1.79E-05,-0.04361035,-0.029760129,-0.03287302,-2,16.3
67,4-0.25-45.pcd,-0.016453018,0.00228756,0.233163882,-47.49916137,0,1.71E-05,-0.04479364,-0.028930022,-0.0348897,-2,16.3
68,4-0.25-60.pcd,-0.012470283,0.005802789,0.232557735,-61.26863429,0,1.81E-05,-0.045892785,-0.028534166,-0.034373211,-2,16.3
69,4-0.25-75.pcd,-0.007252112,0.00822295,0.231262146,-73.8754605,0,1.76E-05,-0.043840562,-0.028162823,-0.035691301,-2,16.3
70,4-0.25-90.pcd,-0.001995165,0.008620711,0.232816133,-88.75112186,0,1.68E-05,-0.044499685,-0.027810909,-0.030507052,-2,16.3
71,4-0.35-0.pcd,-0.032353437,-0.00128545,0.335947135,-11.57210661,0,1.67E-05,-0.043259623,-0.028864449,-0.030821634,-2,16.3
72,4-0.35-15.pcd,-0.024772787,0.002372366,0.33676135,-28.29672627,0,1.93E-05,-0.044525391,-0.0304163,-0.030152351,-2,16.3
73,4-0.35-30.pcd,-0.018230454,0.006155693,0.337088324,-39.54619106,0,1.80E-05,-0.043905659,-0.029904809,-0.030075672,-2,16.3
74,4-0.35-45.pcd,-0.014189209,0.006671937,0.336898826,-53.15726466,0,1.87E-05,-0.044771501,-0.028189208,-0.030660789,-2,16.3
75,4-0.35-60.pcd,-0.006847651,0.009897688,0.3359772,-64.5796736,0,1.79E-05,-0.043500277,-0.027545103,-0.030403487,-2,16.3
76,4-0.35-75.pcd,-0.001463634,0.010679606,0.335158218,-76.38445506,0,1.71E-05,-0.043627555,-0.026979582,-0.030260164,-2,16.3
77,4-0.35-90.pcd,0.00103856,0.010197006,0.333890255,-88.83379169,0,1.67E-05,-0.043458678,-0.027057903,-0.030510421,-2,16.3
78,4-0.45-0.pcd,-0.034715512,-0.002072448,0.437162008,-24.54602079,0,1.85E-05,-0.041648159,-0.03023956,-0.030658456,-2,16.3
79,4-0.45-15.pcd,-0.026466942,0.002155105,0.438171878,-29.21163885,0,1.66E-05,-0.040575489,-0.028503861,-0.029677997,-2,16.3
80,4-0.45-30.pcd,-0.019360067,0.007533722,0.438189413,-38.42191523,0,1.74E-05,-0.042187258,-0.030540099,-0.02944722,-2,16.3
81,4-0.45-45.pcd,-0.008101903,0.014338379,0.43766137,-52.41160939,0,1.59E-05,-0.040116846,-0.028499014,-0.029942376,-2,16.3
82,4-0.45-60.pcd,-0.004299082,0.013971791,0.437237852,-61.73546662,0,1.69E-05,-0.041239997,-0.026805474,-0.029679924,-2,16.3
83,4-0.45-75.pcd,0.001268167,0.013985021,0.436463926,-78.83295446,0,1.61E-05,-0.042907829,-0.027114499,-0.029778781,-2,16.3
84,4-0.45-90.pcd,0.007600125,0.013565258,0.435428445,-88.60257234,0,1.70E-05,-0.042164387,-0.025626192,-0.030221281,-2,16.3
85,5-0.25-0.pcd,-0.030126061,-0.007715993,0.235621375,-7.385322306,0,1.40E-05,-0.037966289,-0.026275652,-0.026797567,-2,12.42
86,5-0.25-15.pcd,-0.025126829,-0.006246868,0.235498012,-18.80931705,0,1.29E-05,-0.038323142,-0.027469371,-0.027508768,-2,12.42
87,5-0.25-30.pcd,-0.021549987,-0.001870346,0.235102485,-31.84842672,0,1.38E-05,-0.038378015,-0.027547593,-0.028234366,-2,12.42
88,5-0.25-45.pcd,-0.01946146,-0.000367363,0.235679997,-47.589674,0,1.44E-05,-0.039164497,-0.027900642,-0.027215663,-2,12.42
89,5-0.25-60.pcd,-0.011274577,0.004493025,0.234914229,-59.51182981,0,1.36E-05,-0.038668268,-0.026630832,-0.027579165,-2,12.42
90,5-0.25-75.pcd,-0.009713408,0.005962401,0.23420559,-71.50097738,0,1.30E-05,-0.038878892,-0.025862393,-0.027384927,-2,12.42
91,5-0.25-90.pcd,-0.011883996,0.007609768,0.23272667,-86.36516776,0,1.40E-05,-0.038500729,-0.026253592,-0.027715596,-2,12.42
92,5-0.35-0.pcd,-0.03187818,-0.005215144,0.338392708,-13.120247,0,1.27E-05,-0.036496889,-0.026764951,-0.026592316,-2,12.42
93,5-0.35-15.pcd,-0.027425705,-0.005022674,0.338924522,-22.8446034,0,1.34E-05,-0.037102101,-0.027760502,-0.026474115,-2,12.42
94,5-0.35-30.pcd,-0.021016701,0.001616719,0.339103538,-39.42333244,0,1.33E-05,-0.037648125,-0.027451285,-0.026708153,-2,12.42
95,5-0.35-45.pcd,-0.014139597,0.00564941,0.338530083,-50.11163595,0,1.26E-05,-0.03759238,-0.026613977,-0.026844923,-2,12.42
96,5-0.35-60.pcd,-0.011002693,0.005901649,0.338244745,-61.63761137,0,1.25E-05,-0.038084752,-0.026174098,-0.026601541,-2,12.42
97,5-0.35-75.pcd,-0.006778663,0.009415598,0.337209115,-74.36931446,0,1.16E-05,-0.03861709,-0.024738432,-0.026591874,-2,12.42
98,5-0.35-90.pcd,-0.000856829,0.010142926,0.335753295,-87.08827926,0,1.24E-05,-0.037753612,-0.024774579,-0.026975069,-2,12.42
99,5-0.45-0.pcd,-0.033779086,-0.004162412,0.439466378,-15.79185195,0,1.22E-05,-0.035347272,-0.027936633,-0.026992533,-2,12.42
100,5-0.45-15.pcd,-0.026105403,0.000213989,0.440406637,-22.70507,0,1.22E-05,-0.035784856,-0.026109705,-0.025882098,-2,12.42
101,5-0.45-30.pcd,-0.019222306,0.006682119,0.440647961,-41.5839908,0,1.29E-05,-0.036202084,-0.02587275,-0.02588525,-2,12.42
102,5-0.45-45.pcd,-0.008304469,0.011871569,0.440414605,-48.89811396,0,1.17E-05,-0.037064675,-0.025638125,-0.026077971,-2,12.42
103,5-0.45-60.pcd,-0.004598839,0.011367679,0.439961553,-62.94764169,0,1.15E-05,-0.036602649,-0.025899114,-0.026498888,-2,12.42
104,5-0.45-75.pcd,0.004383236,0.013911352,0.439477182,-76.87144827,0,1.25E-05,-0.037279032,-0.0247095,-0.026056106,-2,12.42
105,5-0.45-90.pcd,0.006756693,0.012236538,0.43878473,-88.5796936,0,1.17E-05,-0.03626352,-0.023791823,-0.025864609,-2,12.42
106,6-0.25-0.pcd,-0.03666097,-0.010154674,0.23176877,-16.87832951,0,1.70E-05,-0.036431504,-0.030618519,-0.035096105,-6,16.41
107,6-0.25-15.pcd,-0.029827386,-0.002975828,0.234684743,-34.40717376,0,1.85E-05,-0.037475266,-0.031390805,-0.029696094,-6,16.41
108,6-0.25-30.pcd,-0.027418922,-0.000729962,0.233626833,-43.19826916,0,1.46E-05,-0.038295776,-0.032617966,-0.032258692,-6,16.41
109,6-0.25-45.pcd,-0.024522956,0.002783331,0.233656531,-58.92465296,0,1.67E-05,-0.039141381,-0.032966138,-0.032361864,-6,16.41
110,6-0.25-60.pcd,-0.01842093,0.007733676,0.231588125,-67.72305301,0,1.54E-05,-0.039274012,-0.032024382,-0.035677772,-6,16.41
111,6-0.25-75.pcd,-0.016735265,0.010611531,0.231914151,-78.17800935,0,1.72E-05,-0.038655064,-0.0315691,-0.034550956,-6,16.41
112,6-0.25-90.pcd,-0.012238504,0.013812147,0.230986721,87.73953268,1,1.49E-05,-0.038451942,-0.032045829,-0.034976068,-6,16.41
113,6-0.35-0.pcd,-0.038245788,-0.00468947,0.336748533,-27.63522007,0,1.67E-05,-0.036824719,-0.032565731,-0.03044108,-6,16.41
114,6-0.35-15.pcd,-0.0255667,0.005747249,0.338030067,-48.79402458,0,1.60E-05,-0.036957125,-0.030864167,-0.028982932,-6,16.41
115,6-0.35-30.pcd,-0.021145499,0.008236039,0.337542048,-51.89523622,0,1.53E-05,-0.037667188,-0.031566125,-0.029181404,-6,16.41
116,6-0.35-45.pcd,-0.014630917,0.011560554,0.336939715,-59.58626674,0,1.78E-05,-0.038924942,-0.031904072,-0.029242624,-6,16.41
117,6-0.35-60.pcd,-0.014810683,0.011652186,0.335948475,-72.22493966,0,1.78E-05,-0.03764124,-0.030705185,-0.030548948,-6,16.41
118,6-0.35-75.pcd,-0.009642435,0.013916037,0.335339337,-80.36413747,0,1.58E-05,-0.03675158,-0.030285638,-0.030051642,-6,16.41
119,6-0.35-90.pcd,-0.004837337,0.015893044,0.334779146,86.32474899,1,1.71E-05,-0.037936431,-0.030626966,-0.029297742,-6,16.41
120,6-0.45-0.pcd,-0.039202965,-0.000723281,0.437519638,-33.48108044,0,1.83E-05,-0.034987355,-0.032975887,-0.029394611,-6,16.41
121,6-0.45-15.pcd,-0.024683606,0.008448171,0.438158866,-62.22816763,0,1.49E-05,-0.035282417,-0.031221081,-0.02896602,-6,16.41
122,6-0.45-30.pcd,-0.025328314,0.008275059,0.438502949,-46.09504785,0,1.70E-05,-0.036140997,-0.031821204,-0.028856481,-6,16.41
123,6-0.45-45.pcd,-0.011224585,0.014979982,0.438291709,-67.42761638,1,1.52E-05,-0.035331652,-0.03082058,-0.028661543,-6,16.41
124,6-0.45-60.pcd,-0.00815548,0.015841082,0.437435352,-72.65505061,0,1.50E-05,-0.035407624,-0.029122453,-0.028577128,-6,16.41
125,6-0.45-75.pcd,-0.006823594,0.018699787,0.436407402,-85.06834674,0,1.63E-05,-0.036863765,-0.028785972,-0.030086907,-6,16.41
126,6-0.45-90.pcd,0.003072563,0.018915989,0.4318788,85.89628354,1,1.81E-05,-0.038943798,-0.029254694,-0.037294819,-6,16.41
127,7-0.25-0.pcd,-0.031883083,-0.009179485,0.235605966,-9.364717799,0,1.34E-05,-0.038540802,-0.028064043,-0.026342576,-8,12
128,7-0.25-15.pcd,-0.026563007,-0.005575792,0.236367466,-24.27696453,0,1.47E-05,-0.039122951,-0.029754123,-0.026490195,-8,12
129,7-0.25-30.pcd,-0.02091952,0.001358528,0.235815628,-37.41685239,0,1.43E-05,-0.039198516,-0.02672694,-0.027546083,-8,12
130,7-0.25-45.pcd,-0.017386191,0.0034531,0.234758581,-52.27592445,0,1.39E-05,-0.039340365,-0.026605247,-0.028676749,-8,12
131,7-0.25-60.pcd,-0.012092115,0.006772098,0.23413803,-64.82313699,0,1.29E-05,-0.04009651,-0.026921395,-0.028601638,-8,12
132,7-0.25-75.pcd,-0.009721862,0.007851117,0.233008408,-75.77373143,0,1.35E-05,-0.041739866,-0.025893259,-0.028398754,-8,12
133,7-0.25-90.pcd,-0.002233755,0.009817407,0.232955683,-88.50193443,0,1.28E-05,-0.041297494,-0.025029512,-0.026659762,-8,12
134,7-0.35-0.pcd,-0.034147243,-0.006931719,0.338367212,-18.76126058,0,1.24E-05,-0.037234892,-0.027896327,-0.026775733,-8,12
135,7-0.35-15.pcd,-0.027202274,-0.001527905,0.339200376,-29.23475244,0,1.22E-05,-0.036519304,-0.028828859,-0.026698638,-8,12
136,7-0.35-30.pcd,-0.020992002,0.004244933,0.339809168,-45.74106352,0,1.30E-05,-0.037836043,-0.02583334,-0.025971042,-8,12
137,7-0.35-45.pcd,-0.015200289,0.006563703,0.33987889,-54.36162908,0,1.35E-05,-0.038429621,-0.02713399,-0.026074638,-8,12
138,7-0.35-60.pcd,-0.006285557,0.010560199,0.339057021,-64.52620718,0,1.22E-05,-0.039407085,-0.025352218,-0.026529223,-8,12
139,7-0.35-75.pcd,-0.00596753,0.010568932,0.338556588,-75.02088006,0,1.27E-05,-0.041367923,-0.024984056,-0.026099837,-8,12
140,7-0.35-90.pcd,-0.001386306,0.012486603,0.337490178,-88.1463687,0,1.19E-05,-0.040145369,-0.024692386,-0.026521696,-8,12
141,7-0.45-0.pcd,-0.036654849,-0.004430437,0.439434821,-23.65433085,0,1.23E-05,-0.033971343,-0.027848449,-0.026208715,-8,12
142,7-0.45-15.pcd,-0.026196205,0.004295449,0.44073049,-39.37052412,0,1.31E-05,-0.036069522,-0.02760074,-0.025299697,-8,12
143,7-0.45-30.pcd,-0.017218939,0.01108347,0.440801675,-41.40093879,0,1.30E-05,-0.039054032,-0.025118116,-0.025542809,-8,12
144,7-0.45-45.pcd,-0.012772159,0.012146142,0.44083409,-59.33772409,0,1.11E-05,-0.036809215,-0.027020898,-0.025845361,-8,12
145,7-0.45-60.pcd,-0.002178317,0.015061886,0.440595755,-67.92230175,0,1.26E-05,-0.037838061,-0.027633304,-0.025411246,-8,12
146,7-0.45-75.pcd,-9.99E-06,0.01552859,0.439691553,-78.40505118,0,1.20E-05,-0.0376072,-0.024702728,-0.026091607,-8,12
147,7-0.45-90.pcd,0.009924486,0.014831414,0.439114942,-89.25094543,0,1.06E-05,-0.038213599,-0.022911627,-0.025277163,-8,12
148,8-0.25-0.pcd,-0.029583659,-0.011535778,0.234709839,-4.8887343,0,1.64E-05,-0.039872402,-0.030625625,-0.028729615,0,13.71
149,8-0.25-15.pcd,-0.024321101,-0.0039187,0.234895288,-20.03901471,0,1.72E-05,-0.04185932,-0.030667934,-0.028879718,0,13.71
150,8-0.25-30.pcd,-0.022727012,-0.003849342,0.234936201,-32.5362334,0,1.43E-05,-0.03877867,-0.029401051,-0.029163007,0,13.71
151,8-0.25-45.pcd,-0.0181224,8.55E-06,0.235458269,-49.62295747,0,1.69E-05,-0.04266241,-0.029898053,-0.028676866,0,13.71
152,8-0.25-60.pcd,-0.012108007,0.00426695,0.235176907,-59.04394296,0,1.45E-05,-0.040808821,-0.028401897,-0.028765923,0,13.71
153,8-0.25-75.pcd,-0.011585103,0.005851749,0.235139382,-73.15108571,0,1.56E-05,-0.042014523,-0.02717788,-0.0283703,0,13.71
154,8-0.25-90.pcd,-0.010874247,0.008072185,0.234513972,-86.34645838,0,1.49E-05,-0.042294382,-0.027838342,-0.028469063,0,13.71
155,8-0.35-0.pcd,-0.031900481,-0.004525045,0.337503409,-11.82860029,0,1.51E-05,-0.038146582,-0.030196129,-0.02806984,0,13.71
156,8-0.35-15.pcd,-0.023790837,0.001651743,0.338099119,-31.35923999,0,1.47E-05,-0.037218164,-0.029652552,-0.027951492,0,13.71
157,8-0.35-30.pcd,-0.019870892,0.002686159,0.338098845,-41.5467582,0,1.55E-05,-0.037072122,-0.029541115,-0.027593388,0,13.71
158,8-0.35-45.pcd,-0.014417846,0.005624892,0.337219879,-57.5153812,0,1.52E-05,-0.037144024,-0.027906934,-0.028336548,0,13.71
159,8-0.35-60.pcd,-0.011036288,0.006224893,0.336116634,-63.53255594,0,1.47E-05,-0.039364617,-0.02732835,-0.028309946,0,13.71
160,8-0.35-75.pcd,-0.009078394,0.008478397,0.335799475,-74.49623708,0,1.44E-05,-0.04036949,-0.026890367,-0.028095047,0,13.71
161,8-0.35-90.pcd,0.00021588,0.010335573,0.334345076,-85.66344937,0,1.45E-05,-0.040743599,-0.026130533,-0.028355081,0,13.71
162,8-0.45-0.pcd,-0.032892365,-0.000357942,0.439162993,-17.16694132,0,1.29E-05,-0.035449549,-0.028366296,-0.027657215,0,13.71
163,8-0.45-15.pcd,-0.025195143,0.002739383,0.439110812,-32.50606618,0,1.48E-05,-0.03644471,-0.0292261,-0.028082882,0,13.71
164,8-0.45-30.pcd,-0.016417267,0.009250839,0.439060881,-43.47444189,0,1.57E-05,-0.037626072,-0.026519342,-0.027842258,0,13.71
165,8-0.45-45.pcd,-0.010383074,0.011102967,0.439049155,-54.9932671,0,1.48E-05,-0.038777522,-0.028518139,-0.027386755,0,13.71
166,8-0.45-60.pcd,-0.001270382,0.013169622,0.438369926,-65.61569664,0,1.37E-05,-0.038757402,-0.028000329,-0.027916555,0,13.71
167,8-0.45-75.pcd,-0.002896674,0.012365503,0.438203511,-76.75798028,0,1.29E-05,-0.037318906,-0.026473663,-0.027771569,0,13.71
168,8-0.45-90.pcd,0.005262536,0.012826679,0.437100128,-89.7594394,0,1.49E-05,-0.037728127,-0.025563171,-0.028457908,0,13.71
169,9-0.25-0.pcd,-0.026706137,-0.013735034,0.234850548,-4.604213439,0,1.81E-05,-0.045317409,-0.031762111,-0.029402353,0,15.39
170,9-0.25-15.pcd,-0.023644578,-0.014237706,0.235525391,-17.46632102,0,1.93E-05,-0.045232493,-0.030902366,-0.029559545,0,15.39
171,9-0.25-30.pcd,-0.019142421,-0.005771446,0.235718803,-33.28212765,0,1.76E-05,-0.044767989,-0.030176809,-0.029931263,0,15.39
172,9-0.25-45.pcd,-0.014141081,-0.001197724,0.234001025,-47.19336728,0,1.99E-05,-0.045053331,-0.02826354,-0.033899682,0,15.39
173,9-0.25-60.pcd,-0.011588237,0.000760479,0.235497284,-57.82376341,0,1.86E-05,-0.045592402,-0.02847621,-0.031024848,0,15.39
174,9-0.25-75.pcd,-0.008584766,0.00266367,0.233881647,-71.49055776,0,1.82E-05,-0.044129964,-0.028909664,-0.032655294,0,15.39
175,9-0.25-90.pcd,-0.00948123,0.003735384,0.234521967,-86.30636462,0,1.78E-05,-0.044873527,-0.029510832,-0.028602064,0,15.39
176,9-0.35-0.pcd,-0.028513749,-0.008707506,0.337744792,-6.273744678,0,1.66E-05,-0.043272288,-0.029468982,-0.028266078,0,15.39
177,9-0.35-15.pcd,-0.023919049,-0.006122771,0.338442855,-25.31314971,0,1.74E-05,-0.042070077,-0.031044098,-0.028397007,0,15.39
178,9-0.35-30.pcd,-0.018612662,-0.001497566,0.338536926,-35.68384376,0,1.69E-05,-0.043965923,-0.0298456,-0.028395644,0,15.39
179,9-0.35-45.pcd,-0.008165389,0.005415837,0.338371216,-49.27454536,0,1.79E-05,-0.043961484,-0.029903236,-0.029076818,0,15.39
180,9-0.35-60.pcd,-0.011488051,0.002978699,0.33820148,-62.37483684,0,1.65E-05,-0.043009223,-0.027978989,-0.029110817,0,15.39
181,9-0.35-75.pcd,-0.00628004,0.00583157,0.337914679,-72.77710313,0,1.74E-05,-0.043563637,-0.027481193,-0.028697377,0,15.39
182,9-0.35-90.pcd,-0.005485432,0.005818565,0.336806897,-86.67001456,0,1.53E-05,-0.043213143,-0.027091684,-0.0290404,0,15.39
183,9-0.45-0.pcd,-0.030052918,-0.002139499,0.438257894,-10.85414925,0,1.50E-05,-0.040430035,-0.029891491,-0.028558822,0,15.39
184,9-0.45-15.pcd,-0.024225598,0.000515693,0.438648132,-23.91657615,0,1.52E-05,-0.040883456,-0.029674326,-0.027875469,0,15.39
185,9-0.45-30.pcd,-0.010767594,0.010682686,0.438611815,-41.91394985,0,1.58E-05,-0.041522762,-0.028987169,-0.027977101,0,15.39
186,9-0.45-45.pcd,-0.002329876,0.013853746,0.438270627,-49.52835173,0,1.48E-05,-0.041732292,-0.027685572,-0.028035834,0,15.39
187,9-0.45-60.pcd,-0.001602629,0.009251333,0.436708866,-60.06737381,0,1.63E-05,-0.041689318,-0.028822508,-0.028724603,0,15.39
188,9-0.45-75.pcd,0.000522877,0.009587084,0.436211309,-74.98023365,0,1.52E-05,-0.044093838,-0.026036029,-0.028497763,0,15.39
189,9-0.45-90.pcd,0.005002928,0.008454088,0.435041332,-88.15348125,0,1.61E-05,-0.041982342,-0.025565687,-0.029393707,0,15.39
190,10-0.25-0.pcd,-0.025690121,-0.005875418,0.235190386,-6.409254322,0,1.35E-05,-0.040134492,-0.026232135,-0.027912536,-6,11.6
191,10-0.25-15.pcd,-0.019703852,-0.003028305,0.235551058,-23.6402288,0,1.29E-05,-0.040922314,-0.026172141,-0.028823676,-6,11.6
192,10-0.25-30.pcd,-0.019026605,-0.005216572,0.23359885,-38.46749098,0,1.36E-05,-0.039957982,-0.026688874,-0.033580552,-6,11.6
193,10-0.25-45.pcd,-0.012559148,-0.000487233,0.235874399,-48.7699961,0,1.44E-05,-0.04092281,-0.02557073,-0.029093472,-6,11.6
194,10-0.25-60.pcd,-0.005331233,0.003826589,0.233879222,-62.19249876,0,1.42E-05,-0.042193707,-0.025731505,-0.032572245,-6,11.6
195,10-0.25-75.pcd,-0.006774095,0.003473271,0.235413762,-75.50631708,0,1.27E-05,-0.040851721,-0.025550741,-0.028561635,-6,11.6
196,10-0.25-90.pcd,-0.002398828,0.004362749,0.232752105,-87.88435356,0,1.35E-05,-0.037096367,-0.024530686,-0.031995707,-6,11.6
197,10-0.35-0.pcd,-0.027099559,-0.00133005,0.33806871,-13.33970101,0,1.28E-05,-0.035391629,-0.027489947,-0.027665062,-6,11.6
198,10-0.35-15.pcd,-0.017708705,0.003653234,0.338313645,-38.8368157,1,1.28E-05,-0.03418939,-0.027486274,-0.027681995,-6,11.6
199,10-0.35-30.pcd,-0.017040657,0.000504249,0.338646471,-43.25407097,0,1.31E-05,-0.039947616,-0.024995915,-0.027770963,-6,11.6
200,10-0.35-45.pcd,-0.007377394,0.005726099,0.338297667,-59.29800877,0,1.36E-05,-0.036232557,-0.025195752,-0.027799141,-6,11.6
201,10-0.35-60.pcd,-0.003642662,0.006278776,0.337040187,-66.3719366,0,1.26E-05,-0.037529245,-0.024061211,-0.028842724,-6,11.6
202,10-0.35-75.pcd,0.000917596,0.00665136,0.336331111,-76.69667744,0,1.12E-05,-0.035290172,-0.024589879,-0.028471194,-6,11.6
203,10-0.35-90.pcd,0.005041808,0.005887334,0.335800223,89.43187875,1,1.14E-05,-0.035987628,-0.023680257,-0.027956943,-6,11.6
204,10-0.45-0.pcd,-0.03147298,-0.00148562,0.438372072,-20.34829415,0,1.26E-05,-0.033804123,-0.025021596,-0.028664169,-6,11.6
205,10-0.45-15.pcd,-0.021599794,0.004575905,0.439641147,-28.92211223,0,1.15E-05,-0.035242961,-0.025898594,-0.028093719,-6,11.6
206,10-0.45-30.pcd,-0.012411473,0.009988917,0.439412836,-53.91457496,0,1.29E-05,-0.034456322,-0.025511343,-0.029275905,-6,11.6
207,10-0.45-45.pcd,-0.00362728,0.011052101,0.440241504,-62.4858457,0,1.17E-05,-0.035386978,-0.025423364,-0.026890963,-6,11.6
208,10-0.45-60.pcd,0.005222123,0.014148899,0.438769256,-69.61027201,1,8.92E-06,-0.034282193,-0.024150466,-0.027951237,-6,11.6
209,10-0.45-75.pcd,0.006700762,0.011132424,0.438149381,-80.87237441,0,1.22E-05,-0.036122673,-0.023192891,-0.027940996,-6,11.6
210,10-0.45-90.pcd,0.012681211,0.010195825,0.437600732,86.40683597,1,1.13E-05,-0.035104903,-0.023138612,-0.027472272,-6,11.6
211,11-0.25-0.pcd,-0.027373386,-0.006181036,0.23280512,-15.50790867,0,1.30E-05,-0.036375193,-0.027811815,-0.033290664,-8,13.06
212,11-0.25-15.pcd,-0.021775659,-0.003707163,0.232893044,-30.48668487,0,1.86E-05,-0.036754137,-0.028281456,-0.034796562,-8,13.06
213,11-0.25-30.pcd,-0.019328102,-0.001690472,0.233722702,-45.61682067,0,1.56E-05,-0.037020629,-0.028754075,-0.033416616,-8,13.06
214,11-0.25-45.pcd,-0.011064251,0.003201166,0.233681255,-56.16917079,0,1.45E-05,-0.037771593,-0.028699111,-0.031652994,-8,13.06
215,11-0.25-60.pcd,-0.006688565,0.004182421,0.233744285,-68.38635013,0,1.36E-05,-0.037569632,-0.027564258,-0.031076998,-8,13.06
216,11-0.25-75.pcd,-0.00794921,0.004441111,0.232344357,-80.43387457,0,1.33E-05,-0.037698881,-0.029284908,-0.03346431,-8,13.06
217,11-0.25-90.pcd,-0.002255714,0.004856154,0.231116857,88.33926313,1,1.54E-05,-0.038497385,-0.026699275,-0.033928901,-8,13.06
218,11-0.35-0.pcd,-0.02874311,-0.001324203,0.338900463,-17.17176493,0,1.19E-05,-0.035192935,-0.030098775,-0.025871173,-8,13.06
219,11-0.35-15.pcd,-0.021627083,0.002971116,0.339783753,-41.64369912,0,1.40E-05,-0.036762504,-0.028190008,-0.025724292,-8,13.06
220,11-0.35-30.pcd,-0.014359242,0.006723185,0.339488592,-48.02668063,0,1.32E-05,-0.036835542,-0.027206512,-0.027162507,-8,13.06
221,11-0.35-45.pcd,-0.006093463,0.009267781,0.339469567,-59.80551739,0,1.22E-05,-0.036885085,-0.026840426,-0.0268686,-8,13.06
222,11-0.35-60.pcd,-0.003371106,0.008957366,0.339338805,-69.61814974,0,1.25E-05,-0.038202759,-0.025744025,-0.026408251,-8,13.06
223,11-0.35-75.pcd,-0.002836478,0.008521249,0.338045042,-80.85174334,0,1.26E-05,-0.036839719,-0.026022113,-0.027126542,-8,13.06
224,11-0.35-90.pcd,0.002153053,0.007888989,0.336433109,88.1678285,1,1.33E-05,-0.037840312,-0.025936299,-0.026965607,-8,13.06
225,11-0.45-0.pcd,-0.029557174,0.006673383,0.440668468,-14.77543404,0,1.25E-05,-0.03636002,-0.029472658,-0.024703748,-8,13.06
226,11-0.45-15.pcd,-0.021387041,0.00755968,0.441560594,-38.23121671,0,1.32E-05,-0.035096689,-0.027548073,-0.024978463,-8,13.06
227,11-0.45-30.pcd,-0.015040271,0.009593377,0.441644,-50.03089842,0,1.23E-05,-0.036736794,-0.027336052,-0.024961452,-8,13.06
228,11-0.45-45.pcd,-0.001515916,0.014207223,0.440768071,-62.51951281,0,1.26E-05,-0.037504614,-0.027122509,-0.025896241,-8,13.06
229,11-0.45-60.pcd,-0.000615732,0.011919467,0.441357866,-67.35705163,0,1.13E-05,-0.036206092,-0.025329578,-0.024596296,-8,13.06
230,11-0.45-75.pcd,0.007378667,0.012459301,0.439893878,-81.10047775,0,1.21E-05,-0.03637026,-0.025221452,-0.025768831,-8,13.06
231,11-0.45-90.pcd,0.009678473,0.010109973,0.439309876,-89.47534676,0,1.46E-05,-0.04010419,-0.023934611,-0.025645727,-8,13.06
232,12-0.25-0.pcd,-0.020742708,-0.006099395,0.234002076,-5.42905473,0,1.57E-05,-0.043698104,-0.033492862,-0.031544605,-2,15.21
233,12-0.25-15.pcd,-0.014465847,-0.002331304,0.234223454,-21.12391437,0,1.90E-05,-0.043164132,-0.031115816,-0.032937006,-2,15.21
234,12-0.25-30.pcd,-0.011728829,-0.003647451,0.236916111,-35.63693163,0,1.99E-05,-0.046904895,-0.029783572,-0.02842066,-2,15.21
235,12-0.25-45.pcd,-0.007835335,-0.00199515,0.236716761,-50.71203835,0,1.59E-05,-0.043799414,-0.030746349,-0.029247316,-2,15.21
236,12-0.25-60.pcd,-0.004849871,-0.001122323,0.233809526,-61.69442337,0,1.84E-05,-0.044621095,-0.030591707,-0.034828837,-2,15.21
237,12-0.25-75.pcd,-0.001281812,-0.000512895,0.233438065,-71.77866532,0,1.96E-05,-0.047822563,-0.029936801,-0.033554466,-2,15.21
238,12-0.25-90.pcd,-0.001168082,-0.001251567,0.232471351,-85.40882319,0,1.81E-05,-0.047881449,-0.02938728,-0.033968344,-2,15.21
239,12-0.35-0.pcd,-0.022740477,-0.002012191,0.338692389,-14.07940365,0,1.48E-05,-0.039642436,-0.033269638,-0.025969095,-2,15.21
240,12-0.35-15.pcd,-0.013553018,0.004210711,0.338626807,-27.56836798,0,1.69E-05,-0.042651925,-0.032466289,-0.02758571,-2,15.21
241,12-0.35-30.pcd,-0.010096557,0.002488622,0.339469605,-43.13545402,0,1.53E-05,-0.041516805,-0.032174941,-0.027049871,-2,15.21
242,12-0.35-45.pcd,-0.003658286,0.004867414,0.339855933,-54.61511686,0,1.46E-05,-0.041008779,-0.030504516,-0.026373706,-2,15.21
243,12-0.35-60.pcd,0.00235518,0.005260021,0.338731207,-63.49822471,0,1.44E-05,-0.041688316,-0.029836059,-0.027506134,-2,15.21
244,12-0.35-75.pcd,-0.001081044,0.003226505,0.338646954,-75.65033198,0,1.45E-05,-0.041933101,-0.028443287,-0.026771539,-2,15.21
245,12-0.35-90.pcd,0.00420135,0.00271718,0.338158706,-86.70757349,0,1.38E-05,-0.040737883,-0.028124079,-0.02607398,-2,15.21
246,12-0.45-0.pcd,-0.024655701,0.002053276,0.439658355,-17.73566671,0,1.46E-05,-0.040605277,-0.031480314,-0.026874538,-2,15.21
247,12-0.45-15.pcd,-0.014562235,0.010336529,0.441357405,-27.67487689,0,1.47E-05,-0.040467214,-0.031803296,-0.025110369,-2,15.21
248,12-0.45-30.pcd,-0.006151861,0.010372303,0.440910609,-43.6303246,0,1.55E-05,-0.040833669,-0.031745988,-0.025741211,-2,15.21
249,12-0.45-45.pcd,-0.003815933,0.006725589,0.440213766,-57.00111543,0,1.43E-05,-0.041434841,-0.028868557,-0.026175542,-2,15.21
250,12-0.45-60.pcd,0.003473544,0.006663431,0.437509234,-63.85736344,0,1.77E-05,-0.044724965,-0.031725036,-0.029438212,-2,15.21
251,12-0.45-75.pcd,0.010235387,0.005813075,0.438231632,-75.69258604,0,1.40E-05,-0.041611996,-0.027563685,-0.026391465,-2,15.21
252,12-0.45-90.pcd,0.014704624,0.003741879,0.436530099,-88.79489057,0,1.36E-05,-0.039669217,-0.027513199,-0.026510708,-2,15.21
253,13-0.25-0.pcd,-0.023646635,-0.006332881,0.233536733,-10.49286641,0,1.54E-05,-0.038715604,-0.032074674,-0.031642113,-4,14.72
254,13-0.25-15.pcd,-0.016064323,0.000322359,0.23366171,-27.09477853,0,1.79E-05,-0.039031756,-0.031759485,-0.031406111,-4,14.72
255,13-0.25-30.pcd,-0.013620224,-0.000494136,0.234113424,-41.65985019,0,1.75E-05,-0.040084214,-0.029508557,-0.030279742,-4,14.72
256,13-0.25-45.pcd,-0.005120851,0.003467736,0.234864141,-54.66191465,0,1.77E-05,-0.041074449,-0.030150942,-0.028986714,-4,14.72
257,13-0.25-60.pcd,-0.007843158,0.001139324,0.230857965,-66.34185621,0,1.66E-05,-0.039920073,-0.028673069,-0.036610458,-4,14.72
258,13-0.25-75.pcd,-0.003967256,0.001535566,0.231242264,-79.957946,0,1.85E-05,-0.041174469,-0.028726053,-0.034698748,-4,14.72
259,13-0.25-90.pcd,0.000753199,0.001479711,0.233041728,89.27697227,1,1.62E-05,-0.039614433,-0.028702094,-0.029321383,-4,14.72
260,13-0.35-0.pcd,-0.025647859,0.002404932,0.337036545,-16.71223676,0,1.60E-05,-0.037636652,-0.030250879,-0.028321671,-4,14.72
261,13-0.35-15.pcd,-0.01880037,0.003560871,0.337650737,-30.08533217,0,1.60E-05,-0.038563717,-0.030319113,-0.029307902,-4,14.72
262,13-0.35-30.pcd,-0.00989465,0.008716339,0.337849619,-43.92264818,0,1.53E-05,-0.039013527,-0.030818943,-0.028989843,-4,14.72
263,13-0.35-45.pcd,-0.003343299,0.008449407,0.337562588,-59.10082096,0,1.66E-05,-0.04092385,-0.029443252,-0.028883811,-4,14.72
264,13-0.35-60.pcd,-0.001054506,0.00732134,0.337541467,-69.82527476,0,1.57E-05,-0.039958099,-0.027970289,-0.027994199,-4,14.72
265,13-0.35-75.pcd,0.000631738,0.006681708,0.336667235,-81.01909178,0,1.64E-05,-0.040432824,-0.027178085,-0.027961534,-4,14.72
266,13-0.35-90.pcd,0.003855653,0.004809952,0.335753683,89.03177502,1,1.59E-05,-0.040027383,-0.027259994,-0.028085498,-4,14.72
267,13-0.45-0.pcd,-0.026859785,0.007820097,0.438831054,-18.82654205,0,1.48E-05,-0.037525621,-0.028542063,-0.028049056,-4,14.72
268,13-0.45-15.pcd,-0.019002641,0.007815932,0.438880375,-33.17961753,0,1.72E-05,-0.039294055,-0.031115359,-0.028794687,-4,14.72
269,13-0.45-30.pcd,-0.004512597,0.015854557,0.43946289,-47.11624333,0,1.70E-05,-0.037684862,-0.03011328,-0.02761293,-4,14.72
270,13-0.45-45.pcd,-0.003338843,0.010951703,0.438800168,-58.6163814,0,1.52E-05,-0.03922107,-0.029296158,-0.028382147,-4,14.72
271,13-0.45-60.pcd,0.004576013,0.013687225,0.438602772,-73.70230961,0,1.58E-05,-0.040182931,-0.026831565,-0.028036274,-4,14.72
272,13-0.45-75.pcd,0.008293426,0.010529582,0.438246162,-79.18874384,0,1.59E-05,-0.038262568,-0.026742646,-0.028104986,-4,14.72
273,13-0.45-90.pcd,0.012705961,0.00956845,0.437562398,84.90678364,1,1.49E-05,-0.040382927,-0.025900055,-0.028356568,-4,14.72
274,14-0.25-0.pcd,-0.020399429,0.000609672,0.235582376,-7.776372465,0,1.59E-05,-0.040985595,-0.031890311,-0.028225613,-2,14.8
275,14-0.25-15.pcd,-0.011572632,0.006368816,0.23593067,-26.29792812,0,1.91E-05,-0.043096426,-0.032090793,-0.029428379,-2,14.8
276,14-0.25-30.pcd,-0.003620759,0.00808936,0.236648241,-42.69233837,0,1.69E-05,-0.041342034,-0.030239775,-0.028150035,-2,14.8
277,14-0.25-45.pcd,-0.003617035,0.003350723,0.236941792,-51.27368342,0,1.68E-05,-0.043159632,-0.029154363,-0.028100202,-2,14.8
278,14-0.25-60.pcd,-0.001150674,0.002287595,0.235970634,-63.85629055,0,1.77E-05,-0.043914209,-0.028147269,-0.027606131,-2,14.8
279,14-0.25-75.pcd,0.00443741,0.002610434,0.23529353,-77.26717111,0,1.61E-05,-0.043363089,-0.027883214,-0.027647852,-2,14.8
280,14-0.25-90.pcd,0.00278817,-0.000398427,0.234108665,-88.72875681,0,1.65E-05,-0.044383696,-0.02780714,-0.028505821,-2,14.8
281,14-0.35-0.pcd,-0.021303672,0.010172347,0.338293699,-20.2786293,0,1.60E-05,-0.038301432,-0.031105182,-0.027349686,-2,14.8
282,14-0.35-15.pcd,-0.009740475,0.013147805,0.338909523,-38.61284712,0,1.77E-05,-0.039788197,-0.030854306,-0.027435389,-2,14.8
283,14-0.35-30.pcd,-0.004388593,0.011855601,0.338862551,-47.38855495,0,1.53E-05,-0.038455352,-0.027230667,-0.02736501,-2,14.8
284,14-0.35-45.pcd,0.003158444,0.011153048,0.338683276,-51.28265841,0,1.49E-05,-0.039994346,-0.028934718,-0.027600177,-2,14.8
285,14-0.35-60.pcd,0.012588006,0.010011691,0.338043825,-66.686069,0,1.58E-05,-0.040194753,-0.029585802,-0.027061614,-2,14.8
286,14-0.35-75.pcd,0.010250348,0.005555642,0.337751871,-80.30792458,0,1.60E-05,-0.03931769,-0.027208751,-0.027141294,-2,14.8
287,14-0.35-90.pcd,0.012671774,0.002227378,0.336505896,89.73444587,1,1.54E-05,-0.041325003,-0.026433756,-0.028101155,-2,14.8
288,14-0.45-0.pcd,-0.025521382,0.008407167,0.438703657,-20.23478226,0,1.58E-05,-0.038147946,-0.02802856,-0.026961453,-2,14.8
289,14-0.45-15.pcd,-0.009090834,0.018312973,0.437682761,-43.12761809,0,1.67E-05,-0.036509059,-0.029942759,-0.030310794,-2,14.8
290,14-0.45-30.pcd,-0.00587254,0.013719293,0.439558058,-46.03816217,0,1.56E-05,-0.037723491,-0.029204157,-0.027217017,-2,14.8
291,14-0.45-45.pcd,0.007585773,0.015669938,0.439300011,-61.04013458,0,1.65E-05,-0.037985168,-0.028284975,-0.027574135,-2,14.8
292,14-0.45-60.pcd,0.010104148,0.010910318,0.438818678,-68.49792809,0,1.52E-05,-0.036443922,-0.027316101,-0.027205679,-2,14.8
293,14-0.45-75.pcd,0.015214933,0.008938697,0.438142106,-78.77674944,0,1.50E-05,-0.038747298,-0.027091476,-0.027197412,-2,14.8
294,14-0.45-90.pcd,0.017258264,0.004487844,0.43700485,86.42322098,1,1.48E-05,-0.036994816,-0.026564661,-0.02718375,-2,14.8
295,15-0.25-0.pcd,-0.017261292,0.002492626,0.23464364,-12.24949697,0,1.54E-05,-0.039039949,-0.030281918,-0.029186728,-4,13.02
296,15-0.25-15.pcd,-0.009242942,0.004040091,0.234796897,-24.11431374,0,1.60E-05,-0.039258363,-0.027098189,-0.029144102,-4,13.02
297,15-0.25-30.pcd,-0.005800957,0.001595731,0.235478517,-40.22139904,0,1.61E-05,-0.040757338,-0.026856823,-0.028997048,-4,13.02
298,15-0.25-45.pcd,0.000194328,0.001914575,0.234754869,-51.21451189,0,1.53E-05,-0.040782648,-0.026745543,-0.02943965,-4,13.02
299,15-0.25-60.pcd,-0.002161193,-0.001526531,0.233900616,-67.41924884,0,1.60E-05,-0.04206618,-0.027177224,-0.030579669,-4,13.02
300,15-0.25-75.pcd,0.00572299,-0.000962168,0.232955962,-78.17502878,0,1.66E-05,-0.041318809,-0.026289396,-0.030867855,-4,13.02
301,15-0.25-90.pcd,0.003361821,-0.002980803,0.23084947,87.95484243,1,1.63E-05,-0.04003555,-0.026780654,-0.03385012,-4,13.02
302,15-0.35-0.pcd,-0.020765056,0.004531441,0.337605961,-19.63306726,0,1.51E-05,-0.038796686,-0.030032353,-0.028309053,-4,13.02
303,15-0.35-15.pcd,-0.010427259,0.00788275,0.337740676,-33.68595793,0,1.53E-05,-0.039346385,-0.027841467,-0.028948589,-4,13.02
304,15-0.35-30.pcd,-0.000581838,0.010873215,0.3383869,-45.4944312,0,1.53E-05,-0.040120661,-0.026743478,-0.028506947,-4,13.02
305,15-0.35-45.pcd,0.003868956,0.007726132,0.337907499,-56.92565557,0,1.41E-05,-0.038059083,-0.026536362,-0.029488907,-4,13.02
306,15-0.35-60.pcd,0.008867609,0.005755606,0.338400222,-68.15423328,0,1.42E-05,-0.038760562,-0.025209088,-0.028003961,-4,13.02
307,15-0.35-75.pcd,0.014784572,0.003554457,0.337776043,-81.5237861,0,1.33E-05,-0.039146463,-0.024514952,-0.028025766,-4,13.02
308,15-0.35-90.pcd,0.011517745,-0.000518849,0.337137046,86.8467803,1,1.32E-05,-0.040163169,-0.024695411,-0.027715752,-4,13.02
309,15-0.45-0.pcd,-0.021869359,0.008974951,0.43899863,-17.55092538,0,1.34E-05,-0.036818996,-0.025126782,-0.028068759,-4,13.02
310,15-0.45-15.pcd,-0.01193356,0.009131991,0.439173453,-23.37803636,0,1.25E-05,-0.036912238,-0.026550652,-0.027451224,-4,13.02
311,15-0.45-30.pcd,-0.000216765,0.01521558,0.438526487,-41.95589816,0,1.32E-05,-0.037601387,-0.025096804,-0.029027424,-4,13.02
312,15-0.45-45.pcd,0.006164454,0.011952081,0.43791404,-56.88738435,0,1.33E-05,-0.039442467,-0.024924907,-0.028335515,-4,13.02
313,15-0.45-60.pcd,0.010247772,0.007487284,0.436856909,-67.35942975,0,1.33E-05,-0.038132113,-0.024332257,-0.028217214,-4,13.02
314,15-0.45-75.pcd,0.01670971,0.005671805,0.435722414,-82.14392369,0,1.34E-05,-0.039919161,-0.024627569,-0.028937476,-4,13.02
315,15-0.45-90.pcd,0.024431179,0.00090174,0.434920894,87.65890554,1,1.45E-05,-0.037590211,-0.023792697,-0.028967981,-4,13.02
316,16-0.25-0.pcd,-0.024282363,-0.000884888,0.235636944,-10.20233893,0,1.41E-05,-0.040194593,-0.030403587,-0.02681481,-2,13.15
317,16-0.25-15.pcd,-0.017500199,0.00121999,0.232346679,-24.49019845,0,1.65E-05,-0.042562065,-0.030285872,-0.034722805,-2,13.15
318,16-0.25-30.pcd,-0.009067653,0.0065714,0.233993657,-38.05126296,0,1.42E-05,-0.040515764,-0.029020205,-0.031245963,-2,13.15
319,16-0.25-45.pcd,-0.003488566,0.006236522,0.233276547,-50.50538873,0,1.53E-05,-0.042039778,-0.028336701,-0.031292969,-2,13.15
320,16-0.25-60.pcd,-0.003650711,0.004303916,0.234393762,-63.56633496,0,1.46E-05,-0.04129049,-0.028420893,-0.028124723,-2,13.15
321,16-0.25-75.pcd,5.67E-05,0.004534807,0.230518253,-76.34461285,0,1.40E-05,-0.040841434,-0.02744162,-0.034669002,-2,13.15
322,16-0.25-90.pcd,0.001916736,0.003729028,0.230610359,-88.9458737,0,1.51E-05,-0.042633669,-0.029088307,-0.032230488,-2,13.15
323,16-0.35-0.pcd,-0.026157529,0.006387734,0.338934547,-11.89283051,0,1.39E-05,-0.041060465,-0.028917293,-0.025999727,-2,13.15
324,16-0.35-15.pcd,-0.018473309,0.004501955,0.339768024,-30.93633516,0,1.38E-05,-0.040173065,-0.029673474,-0.025830407,-2,13.15
325,16-0.35-30.pcd,-0.010235607,0.009776305,0.339068635,-42.52579579,0,1.45E-05,-0.039676105,-0.02870952,-0.026785953,-2,13.15
326,16-0.35-45.pcd,-0.005005259,0.008744364,0.339294756,-56.38769376,0,1.31E-05,-0.040848399,-0.026970379,-0.026567519,-2,13.15
327,16-0.35-60.pcd,0.006035208,0.011199878,0.339141676,-67.76234473,1,1.33E-05,-0.040445656,-0.02662223,-0.026301282,-2,13.15
328,16-0.35-75.pcd,0.00572171,0.008921399,0.338216845,-78.69876912,0,1.34E-05,-0.040327515,-0.025764749,-0.026883012,-2,13.15
329,16-0.35-90.pcd,0.010739734,0.006092362,0.337673537,88.97798353,1,1.14E-05,-0.041698642,-0.025154376,-0.025576611,-2,13.15
330,16-0.45-0.pcd,-0.028056884,0.006406826,0.439635943,-16.02545477,0,1.21E-05,-0.037907327,-0.028967526,-0.025837731,-2,13.15
331,16-0.45-15.pcd,-0.015601305,0.012500947,0.439813769,-37.52939157,1,1.24E-05,-0.037754494,-0.028640805,-0.025658599,-2,13.15
332,16-0.45-30.pcd,-0.011168218,0.011197673,0.439772051,-47.95357608,0,1.36E-05,-0.040831998,-0.027285593,-0.02612345,-2,13.15
333,16-0.45-45.pcd,-0.002825165,0.012242737,0.439788488,-54.58245255,0,1.23E-05,-0.04077673,-0.027094724,-0.025661809,-2,13.15
334,16-0.45-60.pcd,0.009968836,0.014116437,0.438800722,-67.37493359,1,1.10E-05,-0.040307915,-0.026182858,-0.0261791,-2,13.15
335,16-0.45-75.pcd,0.009291837,0.010568399,0.438802841,-79.99192766,0,1.23E-05,-0.039752042,-0.025000063,-0.026384354,-2,13.15
336,16-0.45-90.pcd,0.015112009,0.006901546,0.438230558,87.50498422,1,1.20E-05,-0.039452946,-0.025686389,-0.025906961,-2,13.15
337,17-0.25-0.pcd,-0.020961231,-0.000672274,0.235127809,-11.09384771,0,1.48E-05,-0.039264205,-0.02639723,-0.02973129,-2,12.19
338,17-0.25-15.pcd,-0.011534529,0.00392366,0.234013504,-25.72514289,0,1.65E-05,-0.040120736,-0.028603716,-0.033145163,-2,12.19
339,17-0.25-30.pcd,-0.00821281,0.002493863,0.236289325,-36.78798753,0,1.41E-05,-0.039757022,-0.025950447,-0.029504119,-2,12.19
340,17-0.25-45.pcd,-0.003574728,0.002502412,0.234483491,-49.80473241,0,1.47E-05,-0.041312324,-0.025678454,-0.033197078,-2,12.19
341,17-0.25-60.pcd,-0.000335749,0.001647646,0.233686053,-62.6172276,0,1.46E-05,-0.041257451,-0.025560476,-0.033674965,-2,12.19
342,17-0.25-75.pcd,0.001950512,0.001383597,0.233024859,-76.44308925,0,1.54E-05,-0.043543133,-0.025633516,-0.03377335,-2,12.19
343,17-0.25-90.pcd,0.002139791,-0.000318209,0.23253523,-89.00242134,0,1.70E-05,-0.042365352,-0.029449956,-0.033626889,-2,12.19
344,17-0.35-0.pcd,-0.022318491,0.006325583,0.338687821,-12.68749577,0,1.38E-05,-0.038281771,-0.026064792,-0.026869072,-2,12.19
345,17-0.35-15.pcd,-0.014469748,0.004761702,0.338472179,-24.88291604,0,1.36E-05,-0.04088119,-0.028563573,-0.027915429,-2,12.19
346,17-0.35-30.pcd,-0.008862377,0.006134193,0.338905443,-38.66152966,0,1.44E-05,-0.039494016,-0.027468396,-0.027456869,-2,12.19
347,17-0.35-45.pcd,0.00154174,0.009338694,0.339071824,-52.49104551,0,1.17E-05,-0.039588017,-0.026333765,-0.027138524,-2,12.19
348,17-0.35-60.pcd,0.005320806,0.007507749,0.338232824,-65.97969293,0,1.42E-05,-0.039693929,-0.02457873,-0.027213866,-2,12.19
349,17-0.35-75.pcd,0.007039611,0.004801885,0.337807889,-77.57823637,0,1.38E-05,-0.040816102,-0.024025635,-0.026733945,-2,12.19
350,17-0.35-90.pcd,0.009937622,0.001175541,0.336691815,-89.42015178,0,1.33E-05,-0.03986069,-0.024403976,-0.026439643,-2,12.19
351,17-0.45-0.pcd,-0.024252211,0.009563449,0.439815505,-15.23785117,0,1.31E-05,-0.038056078,-0.026932328,-0.026400809,-2,12.19
352,17-0.45-15.pcd,-0.010906886,0.013820205,0.440520407,-33.58869131,0,1.41E-05,-0.038565756,-0.02744051,-0.026375759,-2,12.19
353,17-0.45-30.pcd,-0.00494853,0.012968454,0.44030649,-40.41391324,0,1.15E-05,-0.039641014,-0.026643745,-0.026770754,-2,12.19
354,17-0.45-45.pcd,0.008877313,0.016204274,0.439611591,-56.41876124,0,1.23E-05,-0.039135033,-0.024973842,-0.027116008,-2,12.19
355,17-0.45-60.pcd,0.010315085,0.009921747,0.439530607,-65.4497902,0,1.15E-05,-0.039868998,-0.02534276,-0.026787784,-2,12.19
356,17-0.45-75.pcd,0.015392473,0.007436671,0.438961493,-78.88065062,0,1.23E-05,-0.03818207,-0.022567141,-0.026927154,-2,12.19
357,17-0.45-90.pcd,0.012963652,0.00235377,0.437618293,-88.83082891,0,1.09E-05,-0.038319514,-0.022873342,-0.027295411,-2,12.19
358,18-0.25-0.pcd,-0.015624242,0.001895965,0.234717889,-1.564433977,0,1.47E-05,-0.042857405,-0.028195697,-0.030434608,2,13.65
359,18-0.25-15.pcd,-0.0074331,0.002169498,0.235732441,-15.36574005,0,1.58E-05,-0.042228735,-0.030837114,-0.030292652,2,13.65
360,18-0.25-30.pcd,-0.004122973,-0.000620644,0.236024202,-30.29835563,0,1.56E-05,-0.041000918,-0.028874542,-0.02923593,2,13.65
361,18-0.25-45.pcd,0.001078002,-0.000197609,0.236238168,-41.59596143,0,1.58E-05,-0.043228994,-0.028270807,-0.029140324,2,13.65
362,18-0.25-60.pcd,0.002488294,-0.002307198,0.234780985,-59.47160237,0,1.76E-05,-0.04280773,-0.028356381,-0.030455758,2,13.65
363,18-0.25-75.pcd,0.004110595,-0.003456441,0.234804738,-70.16068441,0,1.60E-05,-0.042832956,-0.027850478,-0.028833321,2,13.65
364,18-0.25-90.pcd,0.002462526,-0.006114141,0.233409029,-81.81314859,0,1.57E-05,-0.043519847,-0.027900014,-0.03067462,2,13.65
365,18-0.35-0.pcd,-0.016824571,0.005406484,0.33775255,-4.444398137,0,1.70E-05,-0.04281004,-0.031654996,-0.028529591,2,13.65
366,18-0.35-15.pcd,-0.009452032,0.004676577,0.33821456,-25.42489988,0,1.67E-05,-0.041114386,-0.031069086,-0.028958004,2,13.65
367,18-0.35-30.pcd,-0.004329161,0.003610725,0.338266592,-31.57222024,0,1.49E-05,-0.041784302,-0.029949798,-0.029319269,2,13.65
368,18-0.35-45.pcd,0.001062176,0.002974914,0.338048641,-50.82911068,0,1.59E-05,-0.042570868,-0.028694606,-0.029206149,2,13.65
369,18-0.35-60.pcd,0.009556907,0.004132689,0.338005475,-59.85358533,0,1.57E-05,-0.042533662,-0.030037027,-0.028137638,2,13.65
370,18-0.35-75.pcd,0.009724617,8.28E-06,0.33749598,-69.62209137,0,1.43E-05,-0.042853256,-0.026959999,-0.028011241,2,13.65
371,18-0.35-90.pcd,0.01103778,-0.002715175,0.336470387,-83.05229238,0,1.41E-05,-0.042063339,-0.02664991,-0.028420272,2,13.65
372,18-0.45-0.pcd,-0.019594096,0.006979711,0.438534146,-9.740114528,0,1.60E-05,-0.039619745,-0.030687723,-0.028597498,2,13.65
373,18-0.45-15.pcd,-0.009863702,0.006062804,0.439289382,-19.60902998,0,1.71E-05,-0.041847898,-0.031378623,-0.02804704,2,13.65
374,18-0.45-30.pcd,-0.001086834,0.011449215,0.439556277,-35.20308535,0,1.48E-05,-0.040668736,-0.029396801,-0.02796491,2,13.65
375,18-0.45-45.pcd,0.006025937,0.009237404,0.438436001,-52.44160513,0,1.49E-05,-0.040847496,-0.027723831,-0.02845203,2,13.65
376,18-0.45-60.pcd,0.013099616,0.008211481,0.438759267,-61.85573247,0,1.55E-05,-0.040899632,-0.027202291,-0.027744532,2,13.65
377,18-0.45-75.pcd,0.014794295,0.004842401,0.437701493,-70.85535873,0,1.41E-05,-0.041839682,-0.025975718,-0.028568216,2,13.65
378,18-0.45-90.pcd,0.017423244,-0.000233258,0.437207318,-84.50064151,0,1.32E-05,-0.042598239,-0.025681857,-0.027843413,2,13.65
379,19-0.25-0.pcd,-0.020861964,0.004058552,0.233749915,-2.904295701,0,1.59E-05,-0.041293081,-0.028799501,-0.030523729,-2,14.55
380,19-0.25-15.pcd,-0.012421757,0.005743598,0.234467878,-20.23900162,0,1.77E-05,-0.040616053,-0.031880955,-0.029511052,-2,14.55
381,19-0.25-30.pcd,-0.005763857,0.008543505,0.23567094,-32.97286711,0,1.45E-05,-0.041798629,-0.029811726,-0.027884639,-2,14.55
382,19-0.25-45.pcd,-0.002099531,0.004471942,0.234294214,-46.23795245,0,1.69E-05,-0.042578931,-0.029570804,-0.030299386,-2,14.55
383,19-0.25-60.pcd,-0.000382218,0.002497263,0.233518078,-57.64214399,0,1.47E-05,-0.041697212,-0.028224653,-0.03153438,-2,14.55
384,19-0.25-75.pcd,0.000900667,0.001387117,0.233766023,-70.89486605,0,1.57E-05,-0.040466404,-0.027970566,-0.030026405,-2,14.55
385,19-0.25-90.pcd,0.002828869,-0.000318258,0.231517682,-84.86242296,0,1.54E-05,-0.041998747,-0.027965642,-0.032819937,-2,14.55
386,19-0.35-0.pcd,-0.023620305,0.006616414,0.338636557,-7.500985438,0,1.52E-05,-0.039397959,-0.028076765,-0.026804435,-2,14.55
387,19-0.35-15.pcd,-0.013180713,0.009792592,0.339059928,-23.02690018,0,1.60E-05,-0.040316015,-0.031747059,-0.027490985,-2,14.55
388,19-0.35-30.pcd,-0.00688066,0.009423714,0.339206681,-36.39251333,0,1.43E-05,-0.04111214,-0.029311865,-0.027520624,-2,14.55
389,19-0.35-45.pcd,0.003072123,0.011386261,0.338779644,-48.68845667,0,1.46E-05,-0.039898218,-0.028059845,-0.027749789,-2,14.55
390,19-0.35-60.pcd,0.006197407,0.008005864,0.338847963,-60.22224894,0,1.54E-05,-0.040414145,-0.028270809,-0.027364539,-2,14.55
391,19-0.35-75.pcd,0.009488838,0.006328755,0.337879096,-73.54155558,0,1.33E-05,-0.040770435,-0.026656904,-0.026808311,-2,14.55
392,19-0.35-90.pcd,0.012720549,0.002573523,0.33690461,-85.49296781,0,1.39E-05,-0.040531085,-0.027150826,-0.026973178,-2,14.55
393,19-0.45-0.pcd,-0.025144902,0.011607517,0.438786144,-10.29141195,0,1.51E-05,-0.039304645,-0.029869141,-0.028542055,-2,14.55
394,19-0.45-15.pcd,-0.015828499,0.010091807,0.440127134,-27.89961975,0,1.67E-05,-0.039447051,-0.030486268,-0.027023234,-2,14.55
395,19-0.45-30.pcd,-0.007882535,0.011616874,0.440380921,-30.97168238,0,1.42E-05,-0.039487112,-0.029145322,-0.026358057,-2,14.55
396,19-0.45-45.pcd,-0.000455718,0.011065242,0.439503373,-48.94421194,0,1.50E-05,-0.039917473,-0.028020649,-0.027577327,-2,14.55
397,19-0.45-60.pcd,0.010599101,0.013403037,0.438785915,-60.74785567,0,1.41E-05,-0.039297317,-0.026237609,-0.027654717,-2,14.55
398,19-0.45-75.pcd,0.015141108,0.009598264,0.438689519,-76.58580107,0,1.38E-05,-0.040561696,-0.026915497,-0.026884205,-2,14.55
399,19-0.45-90.pcd,0.015593813,0.004624791,0.437431065,89.26836465,1,1.52E-05,-0.04052979,-0.028139692,-0.027501046,-2,14.55
400,20-0.25-0.pcd,-0.015874566,0.006767939,0.236313883,-1.197222579,0,1.50E-05,-0.041600774,-0.029847879,-0.027433256,8,13.26
401,20-0.25-15.pcd,-0.007259894,0.007972348,0.236046019,-11.85814424,0,1.36E-05,-0.040948782,-0.029338273,-0.029253915,8,13.26
402,20-0.25-30.pcd,-0.000787758,0.006761956,0.235832559,-25.82905308,0,1.45E-05,-0.038455009,-0.030672242,-0.030776747,8,13.26
403,20-0.25-45.pcd,0.003067713,0.002318289,0.236866937,-41.47482911,0,1.60E-05,-0.041662756,-0.029759537,-0.028990182,8,13.26
404,20-0.25-60.pcd,0.003909769,-0.000582414,0.235784832,-51.65741809,0,1.44E-05,-0.039863778,-0.030298072,-0.031083496,8,13.26
405,20-0.25-75.pcd,0.007356464,-0.001861593,0.237391645,-64.61951724,0,1.34E-05,-0.040296082,-0.028851804,-0.026149277,8,13.26
406,20-0.25-90.pcd,0.010073898,-0.004287309,0.236769136,-77.48510936,0,1.41E-05,-0.038757781,-0.028813866,-0.025785016,8,13.26
407,20-0.35-0.pcd,-0.017372961,0.009400662,0.339169334,-4.10097189,0,1.37E-05,-0.037009175,-0.030433476,-0.025404442,8,13.26
408,20-0.35-15.pcd,-0.009045651,0.007648932,0.338927531,-21.55570631,0,1.43E-05,-0.036601042,-0.028869499,-0.025972903,8,13.26
409,20-0.35-30.pcd,-0.000659111,0.009024698,0.339332792,-30.01063516,0,1.42E-05,-0.03753256,-0.03003965,-0.025703821,8,13.26
410,20-0.35-45.pcd,0.007699548,0.009144339,0.339600346,-45.01742532,0,1.34E-05,-0.038548833,-0.030667669,-0.02530633,8,13.26
411,20-0.35-60.pcd,0.010657136,0.004743182,0.338839314,-55.45306863,0,1.34E-05,-0.037348165,-0.027302071,-0.025148445,8,13.26
412,20-0.35-75.pcd,0.014425891,0.002140389,0.337678804,-67.59450616,0,1.32E-05,-0.0370803,-0.027175873,-0.026133809,8,13.26
413,20-0.35-90.pcd,0.014937443,-0.003422882,0.336286723,-80.37670015,0,1.26E-05,-0.037078964,-0.027134307,-0.026004684,8,13.26
414,20-0.45-0.pcd,-0.018956354,0.011168529,0.440652941,-3.816627844,0,1.29E-05,-0.037310396,-0.029268025,-0.024723645,8,13.26
415,20-0.45-15.pcd,-0.006655854,0.0170251,0.44133394,-22.3015258,0,1.33E-05,-0.036897961,-0.029324212,-0.024771527,8,13.26
416,20-0.45-30.pcd,-0.00070649,0.01177897,0.441389556,-26.78579606,0,1.23E-05,-0.03584925,-0.027836578,-0.025296829,8,13.26
417,20-0.45-45.pcd,0.010247192,0.013871409,0.440910959,-40.29015425,0,1.23E-05,-0.03665901,-0.028023571,-0.025480579,8,13.26
418,20-0.45-60.pcd,0.016925096,0.010845659,0.440773039,-59.51220148,0,1.28E-05,-0.035392357,-0.027454862,-0.025007226,8,13.26
419,20-0.45-75.pcd,0.02019541,0.005632833,0.440465206,-67.55075992,0,1.32E-05,-0.036261589,-0.028446555,-0.025040809,8,13.26
420,20-0.45-90.pcd,0.021683165,1.41E-05,0.439564747,-82.66549031,0,1.28E-05,-0.037511528,-0.026205909,-0.024650812,8,13.26
