no.,name,length,width,area_ratio,h1,h2,h3,h4,h5,h6,h7,h8,h9,h10,h11,h12,x,y,z,main_x,main_y,main_z,weight
1,1-0.25-0,222.3240878,200.3022716,0.760374224,0,0,1,31,774,1543,937,417,184,72,18,0,-0.018049246,-0.007923122,0.226745263,0.287290986,0.908275702,0.304136711,19.01
2,1-0.25-15,221.7205448,200.1449475,0.750897212,0,0,0,24,772,1518,868,418,256,26,10,0,-0.01267287,-0.007734639,0.227191299,-0.476311651,-0.814025316,-0.332400355,19.01
3,1-0.25-30,221.0701246,199.6021042,0.74520586,0,0,0,39,737,1511,960,394,213,42,36,0,-0.009796608,-0.006558693,0.227595376,-0.636398462,-0.693224714,-0.338284634,19.01
4,1-0.25-45,218.8264152,199.8099097,0.757735745,0,0,0,3,764,1567,913,368,198,61,48,0,-0.006883847,-0.006837393,0.227325057,-0.783695136,-0.51289976,-0.350365195,19.01
5,1-0.25-60,218.0114676,199.1607391,0.758740491,0,0,3,52,561,1811,762,347,254,55,27,0,-0.005860399,-0.00563862,0.227144896,-0.866612073,-0.370563799,-0.334164609,19.01
6,1-0.25-75,218.0481598,199.6722314,0.744404404,0,0,0,0,599,1742,851,398,222,51,0,0,-0.005340052,-0.005182032,0.226781234,0.930479881,0.192906905,0.311438785,19.01
7,1-0.25-90,216.9239498,199.9049774,0.755646758,0,0,0,12,675,1747,779,413,184,64,22,0,-0.005501575,-0.004055749,0.226066454,0.943734767,-0.032444419,0.329107959,19.01
8,1-0.35-0,154.2627628,138.2316896,0.789626625,0,0,0,0,400,812,380,165,95,58,18,0,-0.019343872,-0.004361219,0.329209318,-0.358295529,-0.852889241,-0.379742355,19.01
9,1-0.35-15,154.8063306,139.0143877,0.776429434,0,0,0,0,370,865,314,199,79,49,27,0,-0.012464865,-0.003784622,0.329365036,-0.597731943,-0.701603542,-0.387903331,19.01
10,1-0.35-30,153.951291,139.6710421,0.765723589,0,0,0,0,468,737,371,132,97,70,29,0,-0.008812881,-0.003342023,0.32981869,-0.700574001,-0.585207984,-0.408323015,19.01
11,1-0.35-45,153.6391877,138.1050325,0.785499528,0,0,0,0,403,740,414,112,96,58,30,0,-0.004611095,-0.003035447,0.329675991,-0.781420054,-0.489035533,-0.387591211,19.01
12,1-0.35-60,152.5516306,138.9568278,0.782240262,0,0,0,0,289,819,424,161,93,36,2,0,-0.000822292,-0.002470483,0.329154939,-0.878872092,-0.335369964,-0.339279875,19.01
13,1-0.35-75,152.5057376,138.9280389,0.766448879,0,0,0,0,294,849,389,170,89,35,1,0,2.85E-05,-0.002187027,0.328411685,0.928723164,0.153577014,0.337472051,19.01
14,1-0.35-90,151.6476179,139.6065901,0.778848174,0,0,0,0,337,805,372,205,88,34,7,0,0.001402431,-0.003298234,0.327242772,0.939622336,-0.055893904,0.337617737,19.01
15,1-0.45-0,118.2074448,106.1696755,0.810674316,0,0,0,0,184,496,219,85,49,29,10,0,-0.020190697,-0.001124964,0.430168247,-0.361190576,-0.852558833,-0.377736421,19.01
16,1-0.45-15,118.6802427,107.0046728,0.798151681,0,0,0,0,235,476,211,86,47,40,20,0,-0.012207406,-4.94E-05,0.430932101,-0.590747671,-0.698686981,-0.403551351,19.01
17,1-0.45-30,118.2074448,106.5504575,0.786578397,0,0,0,0,127,528,217,90,38,19,13,0,-0.006706691,0.001557292,0.430559137,-0.664462472,-0.658502542,-0.353361041,19.01
18,1-0.45-45,118.1905242,106.1508361,0.806311294,0,0,0,0,319,386,171,136,69,30,16,0,-0.000462245,0.001170176,0.43042285,-0.774648554,-0.465674042,-0.427863651,19.01
19,1-0.45-60,116.498927,107.0747403,0.81152197,0,0,0,0,288,443,166,88,72,49,12,0,0.005427375,0.001186687,0.43005949,-0.861065565,-0.271836259,-0.429733804,19.01
20,1-0.45-75,116.7090399,105.9481005,0.794494111,0,0,0,0,129,564,165,78,60,33,7,0,0.006727911,0.000717147,0.428083611,0.90349883,0.149411903,0.401703805,19.01
21,1-0.45-90,116.4302366,106.3813893,0.803164193,0,0,0,0,227,481,175,75,68,42,8,0,0.00902162,-0.002163141,0.427814542,0.914496943,-0.062292811,0.399768616,19.01
22,2-0.25-0,207.9543219,156.5247584,0.764516129,0,0,0,89,487,834,936,305,119,38,0,0,-0.016512436,-0.00269956,0.228678027,-0.128142235,-0.947632854,-0.292526137,11.73
23,2-0.25-15,206.1552813,157.7466323,0.782987824,0,0,0,103,317,1138,815,320,35,99,0,0,-0.011351439,-0.003451974,0.229828294,-0.368231977,-0.870562357,-0.326383815,11.73
24,2-0.25-30,203.3346994,158.685223,0.784287908,0,0,0,57,448,847,1036,286,73,17,0,0,-0.006591675,-0.003055022,0.229934688,0.51572229,0.822577359,0.239576726,11.73
25,2-0.25-45,201.7572799,158.757677,0.76751805,0,0,0,39,505,928,891,332,50,65,0,0,-0.003108047,-0.003897412,0.229697613,0.719955187,0.643708804,0.25942919,11.73
26,2-0.25-60,202.2003956,156.3105883,0.778553158,0,0,4,51,419,812,1023,349,47,20,0,0,-0.000230598,-0.003823242,0.228884447,0.831037355,0.510259217,0.221387549,11.73
27,2-0.25-75,202.2003956,155.1160856,0.78116895,0,0,0,29,450,830,1062,340,46,2,0,0,-0.00073188,-0.004639867,0.228811864,0.934311584,0.291344148,0.205378799,11.73
28,2-0.25-90,206.2280291,155.6470366,0.772677303,0,0,0,36,484,910,901,446,37,10,0,0,0.000224035,-0.005896303,0.228245446,0.96787739,0.080895042,0.23805325,11.73
29,2-0.35-0,144.9310181,109.5901455,0.800414966,0,0,0,0,251,629,306,137,87,31,0,0,-0.016925966,-4.69E-06,0.332588948,-0.199602255,-0.936929636,-0.286917754,11.73
30,2-0.35-15,140.0071427,112.4322018,0.817911528,0,0,0,0,262,564,381,142,66,29,0,0,-0.009900946,0.00044597,0.332381042,-0.482837004,-0.819697575,-0.308162803,11.73
31,2-0.35-30,137,116,0.810470677,0,0,0,0,162,687,327,119,56,25,0,0,-0.005258516,0.000767192,0.331928474,-0.589824936,-0.757290002,-0.280389724,11.73
32,2-0.35-45,125.1958466,124.1974235,0.798765113,0,0,0,0,244,557,356,127,74,16,0,0,-4.92E-05,0.000705735,0.332450837,-0.747479891,-0.598069565,-0.289113487,11.73
33,2-0.35-60,134.2385936,112.2185368,0.814853445,0,0,0,0,170,567,430,123,37,8,0,0,0.004915015,-0.000524439,0.331550815,-0.854903176,-0.44321564,-0.269630221,11.73
34,2-0.35-75,138.3618445,108.295891,0.810263243,0,0,0,0,169,547,442,134,31,2,0,0,0.006570138,-0.001854572,0.330675144,-0.925572197,-0.273990605,-0.261237931,11.73
35,2-0.35-90,136.8831619,109.5901455,0.80267738,0,0,0,0,148,567,447,130,34,4,0,0,0.007231569,-0.004503642,0.329627378,0.972289098,0.056024485,0.226969528,11.73
36,2-0.45-0,105.9481005,83.81527307,0.841434906,0,0,0,0,100,423,151,69,34,28,0,0,-0.01905519,0.004110289,0.433296411,-0.236952859,-0.910842577,-0.337963227,11.73
37,2-0.45-15,102.7034566,84.48076704,0.860488512,0,0,0,0,183,318,160,75,57,22,0,0,-0.010562332,0.00435662,0.434332893,-0.498220098,-0.778681104,-0.381356095,11.73
38,2-0.45-30,97,87,0.869415808,0,0,0,0,97,392,132,78,43,9,0,0,-0.004009386,0.004728974,0.433583505,-0.618234085,-0.721802637,-0.311107007,11.73
39,2-0.45-45,102.7861858,83.81527307,0.842362855,0,0,0,0,163,268,172,97,45,5,0,0,0.003441406,0.005155554,0.433408698,-0.740441596,-0.564890109,-0.364205173,11.73
40,2-0.45-60,100,87,0.845977011,0,0,0,0,145,309,172,75,50,8,0,0,0.008513507,0.002846898,0.433250486,-0.854959709,-0.389035898,-0.343066999,11.73
41,2-0.45-75,106,81,0.852550664,0,0,0,0,134,324,144,80,54,12,0,0,0.012590406,0.00171639,0.431897876,-0.896040531,-0.198436443,-0.397157835,11.73
42,2-0.45-90,104.6565813,84.07734534,0.825979719,0,0,0,0,162,288,145,82,46,15,0,2,0.014459441,-0.001265352,0.431350371,0.922860718,0.0001785,0.385133826,11.73
43,3-0.25-0,217.1128739,182.0027472,0.716231813,0,0,0,25,797,1492,641,445,255,74,0,0,-0.030985854,-0.004605806,0.227187313,0.167127128,0.918182843,0.359177936,15.07
44,3-0.25-15,221.6167864,180.0055555,0.72801103,0,0,0,0,778,1465,744,443,231,37,6,0,-0.025120257,-0.002020177,0.227511331,0.382087016,0.865128757,0.324902672,15.07
45,3-0.25-30,217.9036484,180.4244994,0.722850992,0,0,0,2,609,1636,707,460,204,31,0,0,-0.020230885,0.001128927,0.227764034,-0.564268636,-0.76034032,-0.32168852,15.07
46,3-0.25-45,217.4626405,179.7386992,0.722705655,0,0,0,0,702,1541,708,497,180,76,0,0,-0.015217235,0.003500143,0.228205237,-0.748117272,-0.566663227,-0.34527284,15.07
47,3-0.25-60,224.9644416,178.1039023,0.718321006,0,0,0,4,869,1363,754,478,163,96,12,0,-0.011079132,0.00673575,0.22780904,-0.84153917,-0.402400594,-0.36039643,15.07
48,3-0.25-75,214.0584032,182.0439507,0.726005257,0,0,0,1,935,1564,584,498,275,107,1,0,-0.0084349,0.00742264,0.227862479,-0.922264461,-0.221771205,-0.316616165,15.07
49,3-0.25-90,226.5921446,179.4240787,0.700805273,0,0,0,0,575,1693,602,522,207,36,0,0,-0.005035414,0.00877614,0.225509952,0.942256014,-0.00549659,0.334848311,15.07
50,3-0.35-0,154.870914,126.0872714,0.744549247,0,0,0,0,445,727,272,169,118,66,12,0,-0.032443183,-0.001565424,0.330358294,-0.263820531,-0.874577659,-0.406832454,15.07
51,3-0.35-15,157.0509471,122.0368797,0.749973617,0,0,0,0,368,839,250,182,113,74,4,0,-0.024402447,0.001771366,0.330966554,-0.489474577,-0.773205496,-0.403197098,15.07
52,3-0.35-30,156.4001279,124.5230902,0.745503543,0,0,0,0,368,809,270,179,103,74,3,0,-0.018699916,0.005408061,0.33109814,-0.617639363,-0.680629431,-0.394037049,15.07
53,3-0.35-45,148.9227988,127.4558747,0.734626054,0,0,0,0,265,873,266,211,105,30,6,0,-0.013362542,0.008388592,0.330863073,-0.751779489,-0.550578356,-0.362892647,15.07
54,3-0.35-60,152.4860649,126.2418314,0.73869669,0,0,0,0,278,875,241,163,113,49,6,0,-0.006400623,0.010339503,0.329627828,-0.843941102,-0.380827811,-0.377800998,15.07
55,3-0.35-75,149,126,0.757483754,0,0,0,0,186,900,311,190,111,15,0,0,-0.001984543,0.01112498,0.328825932,-0.918724634,-0.215790988,-0.330725409,15.07
56,3-0.35-90,151.4199458,125.9285512,0.74150042,0,0,0,0,150,899,361,183,79,23,0,0,0.001958416,0.010635364,0.32793119,0.946783092,-0.012599983,0.321625584,15.07
57,3-0.45-0,119.507322,97.1699542,0.769083647,0,0,0,0,319,346,169,112,53,61,9,0,-0.032964477,0.001647939,0.431282503,-0.384359237,-0.805372774,-0.451267848,15.07
58,3-0.45-15,120.0166655,94.005319,0.775291714,0,0,0,0,262,380,147,106,57,38,5,0,-0.024621026,0.006246623,0.431249907,-0.422271313,-0.803192207,-0.4202014,15.07
59,3-0.45-30,114.4770719,98.85848471,0.773612874,0,0,0,0,190,470,164,95,40,48,4,0,-0.016941261,0.009642777,0.431503357,-0.621162718,-0.665982594,-0.413066657,15.07
60,3-0.45-45,116.9700816,96.38464608,0.780193936,0,0,0,0,212,449,145,105,62,44,3,0,-0.009476258,0.012765617,0.431359799,-0.75879569,-0.500458899,-0.41685728,15.07
61,3-0.45-60,121.2641744,94.26027795,0.773814043,0,0,0,0,180,483,133,93,70,46,0,0,-0.002121858,0.013368346,0.430685332,-0.839493316,-0.340751367,-0.42324872,15.07
62,3-0.45-75,116,96,0.775502874,0,0,0,0,166,468,158,84,58,37,2,0,0.004288084,0.014280296,0.428679923,-0.896053992,-0.190300101,-0.401089909,15.07
63,3-0.45-90,118.5326959,96.17692031,0.764729487,0,0,0,0,113,514,152,84,73,29,0,0,0.009078197,0.012665683,0.427569737,0.917896911,-0.018191878,0.396401712,15.07
64,4-0.25-0,206.6349438,186.024192,0.741562657,0,0,0,0,460,1845,694,355,200,31,18,0,-0.030522564,-0.004155209,0.225026889,0.155096078,0.953415607,0.258735167,16.3
65,4-0.25-15,203.4944717,187.8776197,0.733860593,0,0,0,0,423,1723,841,344,198,5,2,0,-0.02384497,-0.001566809,0.224876499,0.359640102,0.902548752,0.236779956,16.3
66,4-0.25-30,201.6977937,185.148589,0.725389757,0,0,0,0,475,1670,903,237,229,27,0,0,-0.01978223,0.001112589,0.225658503,0.565902593,0.782011437,0.261174974,16.3
67,4-0.25-45,198.861761,186.5073725,0.731264392,0,0,0,18,560,1418,952,342,176,15,0,0,-0.014870413,0.003746547,0.225646929,0.711085423,0.654021292,0.258096242,16.3
68,4-0.25-60,199.0401969,184.0244549,0.739401687,0,0,0,5,286,1910,854,218,174,58,9,0,-0.010614354,0.006800354,0.224864886,-0.843256828,-0.461846797,-0.274982649,16.3
69,4-0.25-75,200.5916249,185.0675552,0.727311877,0,0,0,14,344,1779,813,332,174,10,0,0,-0.007523546,0.008088593,0.224089447,-0.928543898,-0.270675897,-0.254048792,16.3
70,4-0.25-90,201.7176244,182.945347,0.723891886,0,0,0,0,379,1681,983,310,108,19,3,0,-0.004412052,0.008434696,0.22325163,0.973051767,0.025085158,0.229218224,16.3
71,4-0.35-0,141,124,0.793182338,0,0,0,0,331,730,354,148,73,43,23,0,-0.032304157,-0.001157864,0.32690309,-0.192379596,-0.930212473,-0.312561747,16.3
72,4-0.35-15,141.2869421,124.2577965,0.788106446,0,0,0,0,303,836,324,134,116,52,14,0,-0.024865583,0.002202533,0.327876439,-0.447305762,-0.829284316,-0.334970265,16.3
73,4-0.35-30,140.5275774,131.0953851,0.741321074,0,0,0,0,215,905,341,112,60,51,22,0,-0.018653121,0.005665297,0.327562162,-0.600577418,-0.740365586,-0.301936358,16.3
74,4-0.35-45,139.9464183,129.7574661,0.746623209,0,0,0,0,304,827,291,119,82,35,39,0,-0.011900091,0.008358946,0.327765661,-0.745413375,-0.565306278,-0.353253042,16.3
75,4-0.35-60,139.0143877,127.0157471,0.767570226,0,0,0,0,291,806,317,114,84,45,18,0,-0.005578607,0.010432985,0.326508775,-0.848373275,-0.408396964,-0.336860068,16.3
76,4-0.35-75,139.7175723,130.2497601,0.73738142,0,0,0,0,180,838,379,182,62,13,0,0,-0.002004402,0.010435826,0.325279412,-0.938971398,-0.229448261,-0.256293211,16.3
77,4-0.35-90,140.8722826,127.4558747,0.734001671,0,0,0,0,152,854,439,143,73,15,0,0,0.001878126,0.010066312,0.324267118,0.965524549,0.029216198,0.258667276,16.3
78,4-0.45-0,107,95,0.811214953,0,0,0,0,388,277,156,78,63,50,41,0,-0.03239846,0.00274757,0.429183613,-0.366884365,-0.788227267,-0.494058335,16.3
79,4-0.45-15,104.3072385,96.33275663,0.815867208,0,0,0,0,128,452,194,110,43,11,7,0,-0.024276849,0.005863145,0.428362174,-0.466636381,-0.810438493,-0.35417501,16.3
80,4-0.45-30,105.5130324,96.30160954,0.798045495,0,0,0,0,71,570,160,65,46,17,14,0,-0.01710097,0.010346416,0.428160648,-0.57999007,-0.732815229,-0.355799604,16.3
81,4-0.45-45,105.8158778,95.01578816,0.820454855,0,0,0,0,131,502,127,77,63,21,6,0,-0.009314562,0.013403878,0.428209243,-0.729865329,-0.56774878,-0.380733403,16.3
82,4-0.45-60,107.9120012,92.77930804,0.801837731,0,0,0,0,27,596,173,68,38,23,1,0,-0.002832624,0.014644692,0.426816849,-0.836466804,-0.453372819,-0.307857716,16.3
83,4-0.45-75,105.0951949,94.81033699,0.786924204,0,0,0,0,124,492,151,69,40,34,8,0,0.004383318,0.014531371,0.426649681,-0.904911163,-0.193766239,-0.378933282,16.3
84,4-0.45-90,105,95,0.808621554,0,0,0,0,106,492,177,78,52,18,4,0,0.008949932,0.013413396,0.425586007,0.935404246,0.030027715,0.352302757,16.3
85,5-0.25-0,176.5672676,157.3340395,0.68632007,0,0,0,0,582,1237,594,337,210,58,1,0,-0.02960649,-0.003664926,0.228167575,0.115872979,0.909951963,0.398197034,12.42
86,5-0.25-15,193.4373284,158.3824485,0.660180458,0,0,0,0,581,1233,530,404,210,40,2,0,-0.023285081,-0.00085553,0.22833973,-0.293133709,-0.877036741,-0.380629982,12.42
87,5-0.25-30,178.0168531,161.0372628,0.694343992,0,0,0,0,601,1209,568,337,219,39,0,0,-0.019267224,0.0018285,0.228136786,-0.49209233,-0.791047768,-0.36343991,12.42
88,5-0.25-45,188.6796226,156.7322558,0.647500392,0,0,0,0,656,1213,514,376,211,60,0,0,-0.013976105,0.004648822,0.228302466,-0.681725034,-0.624175322,-0.381649244,12.42
89,5-0.25-60,175.4451481,159.3267084,0.686328221,0,0,0,0,607,1235,583,293,110,133,3,0,-0.00850637,0.006139097,0.227821477,-0.786191815,-0.470994767,-0.400082941,12.42
90,5-0.25-75,172.7020556,156.2369995,0.680405202,0,0,0,0,465,1281,641,279,228,31,0,0,-0.006405759,0.007015543,0.226702362,-0.887755227,-0.299021268,-0.349967053,12.42
91,5-0.25-90,187.6406139,158.4960567,0.641049407,0,0,0,0,495,1353,507,357,174,54,0,0,-0.003643088,0.008017005,0.225193416,0.931952788,0.067382927,0.356263304,12.42
92,5-0.35-0,125.0279969,111.0180166,0.743640643,0,0,0,0,475,442,241,159,121,61,0,0,-0.030705531,-0.000504266,0.33150853,-0.204414773,-0.866100295,-0.456163216,12.42
93,5-0.35-15,132,109,0.724840145,0,0,0,0,294,589,222,157,100,36,0,0,-0.024191907,0.002851298,0.331393869,-0.350640525,-0.845379841,-0.402969164,12.42
94,5-0.35-30,124.2577965,112.0580207,0.754950987,0,0,0,0,330,606,199,174,100,52,0,0,-0.017281806,0.006156583,0.331980875,-0.570349816,-0.6962751,-0.435777549,12.42
95,5-0.35-45,125.9364919,111.8033989,0.731030294,0,0,0,0,315,596,203,190,98,43,0,0,-0.011113913,0.008146663,0.331364685,-0.695476308,-0.584037399,-0.418584545,12.42
96,5-0.35-60,121.5935854,112.1605991,0.734784653,0,0,0,0,307,619,185,159,93,50,0,0,-0.003930758,0.009672232,0.330650361,-0.794774403,-0.433670739,-0.424574303,12.42
97,5-0.35-75,119.5491531,109.1100362,0.741029653,0,0,0,0,272,590,271,149,114,7,0,0,-0.001250593,0.010873224,0.32945233,-0.897304084,-0.253811624,-0.36114407,12.42
98,5-0.35-90,119.4194289,107.3778376,0.748576774,0,0,0,0,270,612,265,151,68,40,0,0,0.002651354,0.010189302,0.328222758,0.922193769,0.053317628,0.383035094,12.42
99,5-0.45-0,94.42986816,83.38465087,0.793243427,0,0,0,0,290,233,127,75,58,62,0,0,-0.031665078,0.003015371,0.433125769,0.225102124,0.839968273,0.493743187,12.42
100,5-0.45-15,94.86832981,83.16850365,0.776040018,0,0,0,0,168,305,170,109,44,8,0,0,-0.023413394,0.006550793,0.432602882,-0.356401996,-0.850907026,-0.385920782,12.42
101,5-0.45-30,92.08691547,82.66196223,0.807531694,0,0,0,0,222,311,126,84,62,34,0,0,-0.015635258,0.010732589,0.433469484,-0.58593067,-0.659326226,-0.471141357,12.42
102,5-0.45-45,91.24143795,82.75868534,0.78664854,0,0,0,0,206,299,101,112,63,17,0,0,-0.008024726,0.012063719,0.433248044,-0.675240021,-0.592715984,-0.439020133,12.42
103,5-0.45-60,90.13878189,81.54140053,0.776458094,0,0,0,0,234,283,120,84,72,30,0,0,-0.000419188,0.013386167,0.433208731,-0.793275022,-0.410691658,-0.449496498,12.42
104,5-0.45-75,89.56003573,80.08120878,0.771882515,0,0,0,0,257,254,133,65,58,46,0,0,0.004893046,0.013970962,0.43247932,-0.850758794,-0.209633182,-0.481937136,12.42
105,5-0.45-90,88,79,0.799194476,0,0,0,0,188,321,91,63,58,39,0,0,0.011418368,0.012251446,0.431391907,0.875464708,0.038529142,0.48174376,12.42
106,6-0.25-0,204.2669822,200.1449475,0.787637808,0,0,0,18,474,1483,1237,337,25,18,55,0,-0.035529384,-0.006257554,0.225306647,-0.277772875,-0.93242904,-0.231124025,16.41
107,6-0.25-15,202.1806123,199.4818287,0.786162464,0,0,0,0,573,1509,1129,415,52,26,32,0,-0.028960527,-0.001722279,0.225667741,0.543988812,0.804056576,0.239935816,16.41
108,6-0.25-30,201.4199593,200.0099998,0.792334688,0,0,0,0,541,1357,1315,405,17,12,12,0,-0.024828957,0.002009772,0.225669079,0.672175981,0.720425932,0.170780348,16.41
109,6-0.25-45,207.7715091,199.7198037,0.781760496,0,0,0,6,651,1377,1215,406,60,43,30,0,-0.019153139,0.005990571,0.225944249,-0.822465467,-0.498395002,-0.274140434,16.41
110,6-0.25-60,201.9554406,200.6389793,0.77628076,0,0,0,47,485,1358,1230,509,17,2,10,0,-0.015223502,0.009000605,0.22507184,-0.904108627,-0.37038804,-0.213073439,16.41
111,6-0.25-75,200.7311635,200.7311635,0.783411511,0,0,0,10,432,1491,1168,498,51,0,0,0,-0.011044216,0.011704537,0.224642884,0.959724863,0.201563805,0.19570442,16.41
112,6-0.25-90,203.2978111,200.3022716,0.780358772,0,0,0,13,518,1452,1173,533,31,5,6,0,-0.006931151,0.013474825,0.224307616,-0.981639302,0.034342285,-0.187629655,16.41
113,6-0.35-0,141.9084212,138.7515766,0.817470085,0,0,0,0,278,745,537,121,68,38,8,0,-0.03722249,-0.002722599,0.32817629,-0.440587524,-0.855050232,-0.273444206,16.41
114,6-0.35-15,141.4213562,139.1869247,0.808422935,0,0,0,0,256,774,547,162,56,22,5,0,-0.029423196,0.002335064,0.328953674,-0.711013638,-0.644169503,-0.281966767,16.41
115,6-0.35-30,140.2640367,138.8524397,0.827685199,0,0,0,0,164,835,561,127,41,26,2,0,-0.023529337,0.006239783,0.328252516,0.778567817,0.58609025,0.22434432,16.41
116,6-0.35-45,144.222051,138.3979769,0.81317472,0,0,0,0,216,791,533,162,39,24,4,0,-0.017038556,0.010054597,0.327802528,0.837552434,0.495302203,0.230611467,16.41
117,6-0.35-60,139.8463442,139.8463442,0.806258629,0,0,0,0,284,674,570,160,58,18,2,0,-0.009787728,0.01318764,0.327184114,-0.920847248,-0.300598908,-0.248355878,16.41
118,6-0.35-75,141.1523999,139.0431588,0.807947486,0,0,0,0,188,753,567,201,15,5,1,0,-0.005804028,0.014467197,0.325908752,0.961512356,0.170667976,0.215328659,16.41
119,6-0.35-90,141.2834031,138.1774222,0.814253475,0,0,0,0,236,733,558,179,39,12,0,0,-0.000165145,0.015415948,0.325390821,0.977925442,-0.058827497,0.200502256,16.41
120,6-0.45-0,106.606754,106.606754,0.846370436,0,0,0,0,199,437,232,89,36,23,16,0,-0.038450733,0.000427638,0.42863541,-0.485906212,-0.794031127,-0.365252958,16.41
121,6-0.45-15,107.54069,106.6770828,0.850060318,0,0,0,0,195,487,205,75,45,33,17,0,-0.029269281,0.005945284,0.429706814,-0.808826536,-0.415828922,-0.415795553,16.41
122,6-0.45-30,107.5639345,105.4182147,0.85605702,0,0,0,0,240,495,159,80,49,43,24,0,-0.022590682,0.01039978,0.43015955,-0.707872652,-0.65660052,-0.260369095,16.41
123,6-0.45-45,106.5082156,105.6834897,0.861661532,0,0,0,0,95,528,253,68,27,15,11,0,-0.013906202,0.013771546,0.429111128,-0.876132449,-0.374162146,-0.303964833,16.41
124,6-0.45-60,106.4048871,106.4048871,0.833951599,0,0,0,0,55,537,260,87,19,8,5,0,-0.005981362,0.01644385,0.427767123,-0.9122631,-0.304407455,-0.274065936,16.41
125,6-0.45-75,108,104,0.850071225,0,0,0,0,128,478,246,82,40,14,4,0,-0.000259354,0.019046489,0.427462776,0.946983658,0.070165598,0.313526299,16.41
126,6-0.45-90,105.3802638,105.3802638,0.857361549,0,0,0,3,169,388,306,87,40,11,6,0,0.006184138,0.018522908,0.425927765,0.937997302,-0.067536341,0.339999859,16.41
127,7-0.25-0,185.4130524,168.4042755,0.780768836,0,0,0,0,135,1677,714,250,107,29,1,0,-0.031241948,-0.005220854,0.226972791,0.149814295,0.957193447,0.247661828,12
128,7-0.25-15,181.2181006,167.0269439,0.788151156,0,0,0,0,334,1478,721,257,84,63,8,0,-0.025022041,-0.002098979,0.228245989,0.38897926,0.874177066,0.290705335,12
129,7-0.25-30,181.0110494,167.4096771,0.782529748,0,0,0,0,515,1473,481,231,150,82,22,0,-0.020567227,0.001860271,0.228228622,-0.572163659,-0.750465189,-0.330803184,12
130,7-0.25-45,185.7848218,169.0473307,0.747999736,0,0,0,0,470,1415,599,202,153,83,1,0,-0.015495904,0.004918979,0.227748762,-0.746646988,-0.579202232,-0.32717434,12
131,7-0.25-60,203.5534328,166.5082581,0.705832143,0,0,0,0,211,1681,575,234,113,48,5,0,-0.011435654,0.007121333,0.22690395,-0.869887662,-0.409515133,-0.27494147,12
132,7-0.25-75,181.2208597,168.1933411,0.773716871,0,0,0,0,794,1434,379,343,239,138,1,6,-0.00833603,0.008077509,0.227181693,-0.928109831,-0.275943643,-0.249934487,12
133,7-0.25-90,180.5463929,168.4666139,0.769396687,0,0,0,0,299,1489,712,259,102,49,1,0,-0.004583173,0.009605374,0.224897221,0.957963701,0.033956564,0.284872779,12
134,7-0.35-0,127.2635062,115.6027681,0.835507656,0,0,0,0,419,598,191,146,120,86,0,0,-0.032509943,-0.002398083,0.331895071,-0.204246719,-0.924724217,-0.321198381,12
135,7-0.35-15,129.7266357,116.2755348,0.809597754,0,0,0,0,178,737,243,145,77,18,0,0,-0.025329144,0.001608322,0.331457257,-0.467686731,-0.830462425,-0.302657037,12
136,7-0.35-30,126.015872,116.0172401,0.825238626,0,0,0,0,155,829,206,104,77,61,1,0,-0.019328599,0.00586701,0.332043556,-0.675261444,-0.647382519,-0.353437202,12
137,7-0.35-45,125.1598977,115.6935608,0.80399474,0,0,0,0,172,761,266,110,77,40,0,0,-0.012805434,0.008278426,0.332101179,-0.777766297,-0.55786999,-0.289587052,12
138,7-0.35-60,124.4588285,115.4123044,0.812582486,0,0,0,0,214,741,222,120,99,38,0,0,-0.006400501,0.010426263,0.331388498,-0.858406991,-0.408767086,-0.309914354,12
139,7-0.35-75,122.9186723,114.9826074,0.825131228,0,0,0,0,101,845,247,88,80,28,0,0,-0.002819731,0.011381251,0.330156233,-0.92048372,-0.242494856,-0.306440803,12
140,7-0.35-90,122.0040983,115.3169545,0.80502427,0,0,0,0,121,711,339,100,42,24,2,0,0.001814804,0.012442984,0.329417943,0.959694936,0.03319184,0.279076926,12
141,7-0.45-0,95.29428105,88.58893836,0.822196662,0,0,0,0,170,368,131,64,36,52,0,0,-0.03399436,0.001593336,0.431951113,-0.362279909,-0.852227475,-0.377440854,12
142,7-0.45-15,93.33809512,86.97700846,0.873092604,0,0,0,0,295,248,108,78,59,56,0,0,-0.024892205,0.005818892,0.433766308,-0.585357909,-0.669968129,-0.456616716,12
143,7-0.45-30,94.20191081,88.60022573,0.845643108,0,0,0,0,104,427,124,64,45,37,0,0,-0.018117267,0.010152078,0.432991351,-0.630715408,-0.696655071,-0.341862233,12
144,7-0.45-45,93.62157871,87.32124598,0.828486033,0,0,0,0,181,335,141,74,48,36,0,0,-0.010321552,0.013514277,0.433397257,-0.790054233,-0.469444989,-0.39425336,12
145,7-0.45-60,93,87,0.84538376,0,0,0,0,74,464,122,72,50,23,0,0,-0.00291677,0.014868683,0.432715418,-0.863218674,-0.332605896,-0.379772087,12
146,7-0.45-75,91.44397192,87.36704184,0.857909323,0,0,0,0,126,397,142,64,34,35,1,0,0.00291156,0.015979149,0.431912243,0.911862955,0.186892992,0.365481821,12
147,7-0.45-90,94.24436323,87.92041856,0.835143226,0,0,0,0,28,494,138,54,37,28,0,0,0.009203338,0.014667546,0.430911282,0.941456629,0.023927674,0.336283931,12
148,8-0.25-0,205,179,0.683335604,0,0,0,0,748,1250,582,475,193,22,40,0,-0.02904332,-0.005266652,0.227008754,-0.077803504,-0.941565956,-0.327719645,13.71
149,8-0.25-15,197.3119358,181.0331461,0.692973115,0,0,0,0,655,1301,587,415,135,77,23,0,-0.023663328,-0.00205344,0.227077212,0.318512659,0.87644571,0.361099161,13.71
150,8-0.25-30,200.2823008,180.6460628,0.679985015,0,0,0,0,684,1254,624,361,144,93,20,0,-0.019601142,0.001099678,0.227057897,-0.496789337,-0.774598602,-0.391404343,13.71
151,8-0.25-45,209.3442142,179.7386992,0.681766417,0,0,0,0,912,1085,610,316,224,103,23,0,-0.014280337,0.003273858,0.22774992,-0.697070092,-0.593281401,-0.40262944,13.71
152,8-0.25-60,205.7182539,177.9915728,0.665827044,0,0,0,0,617,1319,575,392,95,118,12,0,-0.009436988,0.005819076,0.227237592,-0.785237329,-0.47794325,-0.393665577,13.71
153,8-0.25-75,203.5902748,179.5132307,0.710643687,0,0,0,0,565,1357,650,289,202,48,13,0,-0.006757791,0.007245629,0.226742821,-0.883542907,-0.271712461,-0.381476435,13.71
154,8-0.25-90,204.9804869,178.3535814,0.665089236,0,0,0,0,694,1248,606,398,179,62,4,0,-0.003790741,0.00838751,0.226244006,0.932131165,0.065579154,0.356133213,13.71
155,8-0.35-0,136.1800279,125.1439172,0.743511564,0,0,0,0,376,647,213,156,104,62,10,0,-0.031297452,-0.001797403,0.329606846,-0.186326307,-0.88493133,-0.426824377,13.71
156,8-0.35-15,136.9452445,125.9364919,0.730355165,0,0,0,0,413,610,211,157,135,53,8,0,-0.023893206,0.00146756,0.33060055,-0.458897288,-0.76718571,-0.448151052,13.71
157,8-0.35-30,143.0139853,123.0162591,0.708404922,0,0,0,0,438,581,213,121,109,73,20,0,-0.017998611,0.004747732,0.330251293,-0.585811169,-0.645640202,-0.489871416,13.71
158,8-0.35-45,142.126704,124.4266852,0.704916873,0,0,0,0,368,631,241,202,72,49,14,0,-0.01148827,0.007404121,0.329434764,-0.764331989,-0.475832884,-0.435177754,13.71
159,8-0.35-60,144.0138882,124.7798061,0.676459825,0,0,0,0,327,649,263,148,86,57,6,0,-0.006043327,0.008683331,0.328082138,-0.814074627,-0.419645346,-0.401472645,13.71
160,8-0.35-75,135.5064574,125.6702033,0.702091309,0,0,0,0,368,606,253,150,100,55,5,0,-0.00230974,0.010205078,0.327744915,-0.880262403,-0.237119099,-0.410989824,13.71
161,8-0.35-90,144.222051,124.8078523,0.688053857,0,0,0,0,270,647,303,153,67,43,4,0,0.002137205,0.010325773,0.326121599,0.925582256,0.07938659,0.370128702,13.71
162,8-0.45-0,104.0768947,96.0832972,0.763496091,0,0,0,0,245,323,146,72,48,37,14,0,-0.032100736,0.001895486,0.431191505,-0.258995044,-0.842595764,-0.472179994,13.71
163,8-0.45-15,103.247276,96.02603814,0.770190764,0,0,0,0,305,226,160,104,45,36,10,0,-0.023424753,0.005493496,0.431160484,-0.468528985,-0.740740405,-0.481439759,13.71
164,8-0.45-30,104,96.38464608,0.745610297,0,0,0,0,287,288,116,75,56,58,5,0,-0.016059794,0.009740374,0.431469301,-0.582917263,-0.630470729,-0.51255646,13.71
165,8-0.45-45,103.2279032,96.26006441,0.766751651,0,0,0,0,268,317,107,89,54,47,11,0,-0.008239828,0.012537714,0.431445089,-0.718217961,-0.503002016,-0.480782624,13.71
166,8-0.45-60,103.4794666,96.42613754,0.751042886,0,0,0,0,226,352,101,74,67,52,1,0,-0.001181357,0.013219611,0.430856605,-0.793158302,-0.366220148,-0.486603237,13.71
167,8-0.45-75,102.859127,96.15092303,0.718806876,0,0,0,0,129,399,164,79,32,28,3,0,0.003375583,0.013798813,0.429420851,-0.876188212,-0.23472425,-0.420949812,13.71
168,8-0.45-90,102.9611577,95.70788891,0.745266353,0,0,0,0,229,343,115,66,59,46,9,0,0.009662994,0.012688399,0.429343117,0.871054383,0.011052404,0.491062221,13.71
169,9-0.25-0,215.3903433,170.7922715,0.717209767,0,0,0,0,884,1166,813,464,185,43,15,0,-0.026092275,-0.006474783,0.227450631,0.081241927,0.968818436,0.234073892,15.39
170,9-0.25-15,214.2265156,170.6604817,0.727516405,0,0,0,0,927,1088,796,572,229,23,8,0,-0.020701464,-0.004908796,0.228228946,0.291196474,0.923489621,0.249742934,15.39
171,9-0.25-30,212.1320344,170.4142013,0.732829099,0,0,0,0,871,1210,774,516,153,82,24,0,-0.016376664,-0.001622968,0.228636145,-0.530281819,-0.798120524,-0.286015421,15.39
172,9-0.25-45,225.3619311,170.6604817,0.699005132,0,0,0,11,881,1248,694,466,220,96,17,0,-0.01221658,0.000573591,0.229121545,-0.69678994,-0.646912164,-0.309819998,15.39
173,9-0.25-60,231.5210574,170.7922715,0.691998254,0,0,0,4,763,1387,682,406,212,86,16,0,-0.009522207,0.001999691,0.228797723,-0.811181637,-0.51277206,-0.281156837,15.39
174,9-0.25-75,226.4332131,170.2938637,0.693616973,0,0,0,10,705,1283,787,424,238,13,14,0,-0.007599069,0.002925432,0.2276535,-0.919488961,-0.311137982,-0.240277353,15.39
175,9-0.25-90,226.920691,170.6282509,0.691674482,0,0,0,0,802,1348,635,512,165,52,5,0,-0.005348736,0.003858035,0.226295482,0.957680463,0.066300306,0.280093558,15.39
176,9-0.35-0,149.6028075,119.540788,0.75364981,0,0,0,0,434,564,373,206,117,27,1,0,-0.027884246,-0.003405074,0.329823866,-0.104563665,-0.967485408,-0.230300727,15.39
177,9-0.35-15,163.1349135,119.5700631,0.753663533,0,0,0,0,418,617,335,228,93,33,7,0,-0.021267921,-0.000581845,0.330641019,-0.414665947,-0.868183237,-0.272598641,15.39
178,9-0.35-30,158.3982323,119.503138,0.768764014,0,0,0,0,402,651,280,243,82,37,13,0,-0.016050305,0.002124792,0.330508382,-0.543213946,-0.780664207,-0.309001626,15.39
179,9-0.35-45,162.9294326,118.5116028,0.742295254,0,0,0,0,440,625,280,183,102,75,10,0,-0.009125467,0.00453422,0.331077676,-0.709773747,-0.612639816,-0.347697691,15.39
180,9-0.35-60,157.492857,118.9033221,0.734256582,0,0,0,0,438,598,326,166,133,46,5,0,-0.005213628,0.006149555,0.330524852,-0.829845345,-0.438686963,-0.344833949,15.39
181,9-0.35-75,149.2715646,118.1524439,0.770434539,0,0,0,0,357,658,307,248,92,22,1,0,-0.001444994,0.007228241,0.329968605,-0.922852639,-0.289042269,-0.254553675,15.39
182,9-0.35-90,152.9705854,118.2581921,0.743337839,0,0,0,0,319,692,347,181,92,31,6,0,0.00251894,0.006110167,0.32885508,0.965125845,0.061641853,0.2544256,15.39
183,9-0.45-0,118.92855,92.0271699,0.792441399,0,0,0,0,331,261,191,117,69,48,4,0,-0.029489011,0.000101083,0.431268936,-0.161298968,-0.92295514,-0.349480262,15.39
184,9-0.45-15,119.0378091,91.26883367,0.816056637,0,0,0,0,310,307,156,93,69,47,4,0,-0.022357102,0.004103378,0.430999214,-0.36644046,-0.858886478,-0.357820355,15.39
185,9-0.45-30,123.0365799,90.50966799,0.783494971,0,0,0,0,317,315,150,113,78,39,6,0,-0.014456733,0.006260303,0.43115028,-0.618327275,-0.677519675,-0.398294453,15.39
186,9-0.45-45,124.8679302,91.58602513,0.76301853,0,0,0,0,220,359,194,105,63,23,0,0,-0.007051207,0.009768575,0.430473851,-0.715452901,-0.605966866,-0.347751783,15.39
187,9-0.45-60,117.6435294,91.39474821,0.763578816,0,0,0,0,240,368,164,97,60,45,1,0,-0.000722385,0.010118726,0.429065444,-0.807650348,-0.421607828,-0.4122472,15.39
188,9-0.45-75,114.2147101,90.19977827,0.796630485,0,0,0,0,213,393,147,95,64,37,2,0,0.00402327,0.010380157,0.428323458,-0.892392999,-0.247741103,-0.377172481,15.39
189,9-0.45-90,118.2581921,90.60905032,0.750611571,0,0,0,0,253,335,179,97,74,34,1,0,0.008511055,0.008448753,0.427744128,0.926901621,0.046841727,0.372369759,15.39
190,10-0.25-0,190.1289036,161.9691329,0.75034875,0,0,0,0,447,1161,632,283,172,29,0,0,-0.025285065,-0.002626285,0.226550824,0.105962406,0.944702875,0.310336022,11.6
191,10-0.25-15,188.7670522,160.6113321,0.757566569,0,0,0,0,507,1218,470,350,113,79,12,0,-0.018502273,-0.000352332,0.227644559,-0.370941035,-0.856077044,-0.359909494,11.6
192,10-0.25-30,189.2141644,160.580198,0.734299788,0,0,0,16,439,1136,655,298,110,39,16,0,-0.01440738,0.000576197,0.227633396,-0.586850443,-0.742969686,-0.321873583,11.6
193,10-0.25-45,189.2353033,158.8238017,0.751919719,0,0,0,0,293,1343,541,316,99,40,8,0,-0.009218623,0.002376366,0.227532226,-0.70076071,-0.623498389,-0.346675909,11.6
194,10-0.25-60,188.0957203,160.0499922,0.747092186,0,0,0,13,436,1145,568,280,146,20,6,0,-0.005709344,0.003558011,0.227566402,-0.835158044,-0.445676953,-0.322309005,11.6
195,10-0.25-75,185.5262785,160.7015868,0.758359208,0,0,0,0,305,1269,641,288,118,22,7,0,-0.003534599,0.004160871,0.226830625,-0.922263814,-0.240983045,-0.302252593,11.6
196,10-0.25-90,189.8973407,161.245155,0.730143074,0,0,0,2,350,1216,619,282,114,19,0,0,-0.001173723,0.004254322,0.225839536,0.948416598,0.041987654,0.314233979,11.6
197,10-0.35-0,136.3084737,112.5388822,0.783181059,0,0,0,0,179,683,222,106,82,31,12,0,-0.02660421,0.000343211,0.329547017,-0.209548247,-0.898233951,-0.386348679,11.6
198,10-0.35-15,135,115,0.815201288,0,0,0,0,173,660,247,167,43,21,10,0,-0.018712306,0.002318862,0.329615619,-0.578172543,-0.710401167,-0.401306232,11.6
199,10-0.35-30,134.3502884,111.0180166,0.789189489,0,0,0,0,263,591,205,134,103,33,1,0,-0.012161217,0.005457923,0.33059673,-0.62896761,-0.662548549,-0.406729843,11.6
200,10-0.35-45,132.7742445,113.1591799,0.77585965,0,0,0,0,308,527,230,96,72,54,11,0,-0.006145885,0.006303603,0.330274037,-0.761343196,-0.444855133,-0.47165713,11.6
201,10-0.35-60,131,111,0.791898769,0,0,0,0,230,561,226,124,86,26,2,0,-0.000287629,0.007632261,0.328713587,-0.822878032,-0.366297377,-0.434393803,11.6
202,10-0.35-75,131.1373326,112.044634,0.790227642,0,0,0,0,92,638,300,116,53,9,0,0,0.002716315,0.006950107,0.327307334,-0.906438843,-0.225670829,-0.356989217,11.6
203,10-0.35-90,131.4838393,111.3597773,0.772025096,0,0,0,0,89,705,266,86,62,14,2,0,0.005821398,0.005659397,0.32673123,0.932383438,-0.002743192,0.361460371,11.6
204,10-0.45-0,101,86,0.823739351,0,0,0,0,197,300,81,58,42,37,16,0,-0.028864537,0.005157315,0.430953961,-0.287368183,-0.788466662,-0.543819686,11.6
205,10-0.45-15,101,85,0.82446127,0,0,0,0,187,281,103,55,47,33,8,0,-0.019508611,0.007926919,0.431867553,-0.42074074,-0.755609661,-0.50202716,11.6
206,10-0.45-30,100.1299156,85.98837131,0.806038706,0,0,0,0,222,277,78,87,57,35,8,0,-0.011607414,0.010519234,0.432813545,-0.674261499,-0.502196256,-0.541452077,11.6
207,10-0.45-45,100.0899595,84.86459804,0.808326333,0,0,0,0,163,311,104,68,38,36,5,0,-0.003737675,0.011042678,0.431892654,-0.744062558,-0.437784935,-0.504693234,11.6
208,10-0.45-60,101,84,0.813413484,0,0,0,0,95,370,115,57,28,29,5,0,0.003215073,0.013256429,0.430216378,-0.828803669,-0.316294679,-0.461564898,11.6
209,10-0.45-75,100,84,0.820357143,0,0,0,0,136,344,107,56,34,34,6,0,0.008565938,0.011227137,0.429911011,0.864394115,0.144464678,0.481614754,11.6
210,10-0.45-90,99.74467404,85.42833254,0.797791703,0,0,0,0,77,351,127,75,30,12,2,0,0.013195021,0.009905525,0.428641893,0.900454286,-0.047811725,0.432314837,11.6
211,11-0.25-0,200.2423532,172.0116275,0.749419063,0,0,7,63,416,1176,904,390,140,15,0,0,-0.025763321,-0.000366625,0.229309518,0.249526622,0.915129621,0.316661085,13.06
212,11-0.25-15,198.4363878,172.0465053,0.758956712,0,0,24,69,546,999,842,457,117,34,0,7,-0.018547313,0.001694366,0.229842489,0.476169092,0.806033926,0.351528529,13.06
213,11-0.25-30,197.8408451,171.5925406,0.754830623,0,0,20,94,484,1000,851,464,80,54,0,0,-0.014045073,0.003431251,0.230054312,-0.665169408,-0.660879212,-0.347546149,13.06
214,11-0.25-45,198.1766888,171.7672844,0.738125719,0,0,0,39,444,1241,746,442,128,14,0,0,-0.008786323,0.004705865,0.229389254,-0.786191413,-0.528385325,-0.320487146,13.06
215,11-0.25-60,198.2851482,171.8138528,0.745153787,0,0,0,30,471,1175,787,446,112,32,0,0,-0.004035161,0.005176805,0.229266204,-0.88370393,-0.354805775,-0.305254363,13.06
216,11-0.25-75,196,170,0.759213685,0,0,21,90,728,1086,727,503,199,76,0,0,-0.002709852,0.005220747,0.229487181,0.950381346,0.148594807,0.273303643,13.06
217,11-0.25-90,204.4627105,173.0780171,0.752938839,0,0,10,120,446,984,966,503,94,12,0,0,0.000871153,0.004692702,0.22762935,0.948571661,-0.020209435,0.315916733,13.06
218,11-0.35-0,143.0314651,121.9385091,0.809871262,0,0,0,0,204,704,375,188,61,15,0,0,-0.027470788,0.002673654,0.3322381,-0.278786937,-0.907792879,-0.313352728,13.06
219,11-0.35-15,142.1442929,120.9338662,0.807617942,0,0,0,0,333,641,268,195,94,37,0,0,-0.018950178,0.005889809,0.333288054,-0.604908685,-0.685339229,-0.405457303,13.06
220,11-0.35-30,145.1137485,122.6417547,0.827554985,0,0,0,0,214,755,275,172,64,36,0,0,-0.013036513,0.007879172,0.333079852,0.690001878,0.630082676,0.35622076,13.06
221,11-0.35-45,143.2794472,122.0901306,0.817698207,0,0,0,0,235,651,336,167,92,19,0,0,-0.006202504,0.009026534,0.333004507,-0.812718105,-0.468451538,-0.34647141,13.06
222,11-0.35-60,141.509717,120.503112,0.824343314,0,0,0,0,261,632,326,154,78,28,0,0,0.000966416,0.010443331,0.332592595,-0.875439063,-0.328882907,-0.354178599,13.06
223,11-0.35-75,141.5662389,121.1981848,0.796324832,0,0,0,0,339,600,361,147,112,35,0,0,0.004229111,0.009402159,0.332156798,0.930903073,0.143399685,0.33594047,13.06
224,11-0.35-90,141.1523999,119.9708298,0.795492166,0,0,0,0,203,641,419,159,52,9,0,0,0.008305012,0.007536092,0.329779501,0.953999271,-0.020584597,0.299101431,13.06
225,11-0.45-0,110.788086,93.29523032,0.862906347,0,0,0,0,42,505,141,77,33,27,0,0,-0.030010466,0.006419011,0.432794066,0.304881517,0.876748284,0.371967347,13.06
226,11-0.45-15,110.3086579,92.63368718,0.858851469,0,0,0,0,86,448,180,85,35,12,0,0,-0.019200627,0.010344741,0.434299494,0.568678553,0.737897201,0.36347273,13.06
227,11-0.45-30,107.8981001,92.91393867,0.822125165,0,0,0,0,198,344,147,88,59,30,0,0,-0.010973324,0.012833941,0.435058024,-0.696920691,-0.586077689,-0.4132971,13.06
228,11-0.45-45,105.5461984,92.13034245,0.804092354,0,0,0,0,181,373,144,89,59,22,0,0,-0.001975657,0.013869403,0.434755397,-0.81027643,-0.428226647,-0.400092547,13.06
229,11-0.45-60,108.7795937,91.66242414,0.819777251,0,0,0,0,37,496,165,83,32,16,0,0,0.004926969,0.014141414,0.43351234,-0.859268489,-0.368498927,-0.354776275,13.06
230,11-0.45-75,105,91,0.833490319,0,0,0,0,144,365,161,71,40,26,0,0,0.010608674,0.012834015,0.432994014,-0.900007882,-0.150595214,-0.409031655,13.06
231,11-0.45-90,108.6324077,92.47702417,0.789866473,0,0,0,0,197,340,121,92,35,11,0,22,0.014591922,0.009975583,0.432579398,-0.940973731,-0.018042445,-0.337998384,13.06
232,12-0.25-0,214.8883431,191.5646105,0.762443791,0,0,0,28,599,1571,737,366,265,57,1,0,-0.020233361,-0.000957423,0.228801784,-0.086204893,-0.946847944,-0.309915613,15.21
233,12-0.25-15,213.6632865,189.5890292,0.758562182,0,0,0,58,375,1786,787,293,197,60,0,0,-0.01369139,-0.000243895,0.22931542,0.344945601,0.896881654,0.276795648,15.21
234,12-0.25-30,220,186,0.760239492,0,0,0,0,483,1796,685,328,176,99,1,0,-0.008803565,0.000403082,0.230248909,0.552711412,0.769416324,0.320169667,15.21
235,12-0.25-45,214.8976501,185.0648535,0.752954448,0,0,0,4,514,1778,664,274,198,115,0,0,-0.004461386,0.000767165,0.23055371,-0.728303373,-0.608241798,-0.315620203,15.21
236,12-0.25-60,210.447143,188.2471779,0.751311069,0,0,14,75,475,1587,712,349,178,111,0,0,-0.000840264,0.001014972,0.230314441,-0.833813119,-0.454158642,-0.313840102,15.21
237,12-0.25-75,211.4828598,188.2896705,0.750677335,0,0,2,46,531,1474,866,409,167,41,0,0,0.000414076,-4.80E-06,0.229106639,-0.921566946,-0.309211923,-0.2347389,15.21
238,12-0.25-90,214.1144554,186.6574402,0.761496203,0,0,4,64,449,1545,836,523,94,39,2,0,0.001103916,-0.001146761,0.228275177,0.968747033,0.082049939,0.234087576,15.21
239,12-0.35-0,149.7230777,133.0939518,0.795845441,0,0,0,0,244,875,330,161,108,28,0,0,-0.02169426,0.002195064,0.330954691,-0.225525832,-0.934117905,-0.276698099,15.21
240,12-0.35-15,149.9133083,133.6450523,0.783322452,0,0,0,0,282,908,271,168,111,58,0,0,-0.014004527,0.003449328,0.331935478,-0.42385147,-0.863805281,-0.272379088,15.21
241,12-0.35-30,151,130,0.787926643,0,0,0,0,308,868,251,134,102,83,1,0,-0.007898369,0.004724581,0.332485587,-0.636833527,-0.675193279,-0.372232582,15.21
242,12-0.35-45,150.3728699,130.7287268,0.773219981,0,0,0,0,208,956,232,126,107,54,0,0,-0.002339797,0.005855414,0.331975897,-0.754928096,-0.550412708,-0.356552129,15.21
243,12-0.35-60,149.4590245,131.0343466,0.774039747,0,0,0,0,322,876,309,143,131,70,0,0,0.003179003,0.005346145,0.332341521,-0.854321842,-0.415963675,-0.311622227,15.21
244,12-0.35-75,148.9731519,130.8625233,0.778917569,0,0,0,0,155,971,283,107,90,53,0,0,0.005693259,0.004887803,0.330906179,-0.905018374,-0.244774625,-0.347889532,15.21
245,12-0.35-90,149.3084057,131.8483978,0.764499816,0,0,0,0,150,905,367,134,72,32,0,0,0.008376911,0.002773515,0.330008569,0.947997545,0.060149469,0.312542312,15.21
246,12-0.45-0,113.8419958,100.8811182,0.819451747,0,0,0,0,253,400,154,103,58,52,0,0,-0.023303632,0.006277618,0.432867481,-0.282824487,-0.884668584,-0.370637027,15.21
247,12-0.45-15,116.9316039,101.3163363,0.815897133,0,0,0,0,28,660,158,67,32,45,1,0,-0.015534425,0.008057595,0.433142676,-0.442334466,-0.829590146,-0.340764449,15.21
248,12-0.45-30,116.1077086,100.079968,0.799479812,0,0,0,0,235,456,112,102,57,59,0,0,-0.006271155,0.01014162,0.433958413,-0.620641534,-0.663961433,-0.417084286,15.21
249,12-0.45-45,116.0775603,100.8464179,0.785408779,0,0,0,0,255,367,199,84,59,43,0,0,0.001060073,0.009781589,0.432945679,-0.764050044,-0.50985765,-0.39531343,15.21
250,12-0.45-60,113.2960723,99.72462083,0.804803661,0,0,0,0,235,457,139,81,59,67,1,0,0.007108521,0.008723647,0.431888412,-0.842527653,-0.400919412,-0.359737098,15.21
251,12-0.45-75,114.629839,100.4987562,0.801725237,0,0,0,0,221,410,146,91,56,47,0,0,0.012509379,0.006288044,0.430980734,-0.873191663,-0.236239917,-0.426294525,15.21
252,12-0.45-90,112.4499889,100.448992,0.822009635,0,0,0,0,155,440,202,85,56,22,0,0,0.015971939,0.003622011,0.429145559,0.926005056,0.032650268,0.376096525,15.21
253,13-0.25-0,205.8275978,182.4828759,0.692092431,0,0,0,6,777,1293,639,416,249,61,5,0,-0.021561458,0.004790334,0.226569998,-0.17114637,-0.915295688,-0.364613116,14.72
254,13-0.25-15,206.494552,181.4304274,0.684142907,0,0,0,3,906,1148,690,392,224,61,42,0,-0.013600482,0.005023506,0.226715176,-0.428027535,-0.814784472,-0.3910482,14.72
255,13-0.25-30,205.8057336,181.1353085,0.683849228,0,0,0,0,909,1188,637,359,281,53,25,0,-0.007452702,0.006400005,0.226483879,-0.605539519,-0.683693179,-0.407290472,14.72
256,13-0.25-45,203.6663939,181.0414317,0.686427692,0,0,0,0,894,1215,668,357,237,73,24,0,-0.001844798,0.00573055,0.226907276,-0.749413872,-0.53775703,-0.386259271,14.72
257,13-0.25-60,202.7116178,181.6177304,0.683886995,0,0,8,29,595,1428,601,424,237,37,8,0,0.002070871,0.005413907,0.225872328,-0.851325044,-0.376468243,-0.365400234,14.72
258,13-0.25-75,202.3388247,181.463495,0.670858894,0,0,0,30,785,1286,569,475,178,88,10,0,0.004605439,0.00297774,0.225730488,0.917814651,0.172784379,0.35743786,14.72
259,13-0.25-90,202.0396001,183.0245885,0.674802724,0,0,0,0,575,1431,751,341,214,37,1,0,0.006306622,0.00123311,0.224672378,0.944467796,-0.003289644,0.328587524,14.72
260,13-0.35-0,138.7407655,127.3459854,0.743374514,0,0,0,0,348,693,246,174,121,47,0,0,-0.023819769,0.008266086,0.328540791,-0.258090291,-0.883900425,-0.390012103,14.72
261,13-0.35-15,140.2355162,126.3170614,0.722078589,0,0,0,0,395,623,255,153,99,63,12,0,-0.015033565,0.010116138,0.329559557,-0.443012822,-0.798515715,-0.407568757,14.72
262,13-0.35-30,141.7356695,125.9245806,0.732462827,0,0,0,0,412,552,314,194,97,41,8,0,-0.007474636,0.01116332,0.329666418,-0.631817419,-0.668109539,-0.39298396,14.72
263,13-0.35-45,137.6444696,125.6065285,0.733470284,0,0,0,0,468,556,270,178,117,65,3,0,0.000632012,0.010833908,0.329720659,-0.764581082,-0.480631717,-0.429428599,14.72
264,13-0.35-60,137.8985134,125.2517465,0.717692145,0,0,0,0,363,680,275,173,98,46,12,0,0.007408128,0.010295192,0.329029587,-0.856537197,-0.32181638,-0.403457863,14.72
265,13-0.35-75,140.2462121,126.6491216,0.704985813,0,0,0,0,391,636,305,138,84,54,16,0,0.010919644,0.008128791,0.327774943,0.904128934,0.151782034,0.399390893,14.72
266,13-0.35-90,136.6199107,126.6688596,0.729710701,0,0,0,0,305,745,316,119,105,52,10,0,0.013476963,0.004437064,0.326758902,0.928675293,-0.005495969,0.370853064,14.72
267,13-0.45-0,107.2054103,96.46242792,0.764604495,0,0,0,0,309,256,161,97,61,38,12,0,-0.025346432,0.011884632,0.431029835,-0.274149857,-0.832743862,-0.481019248,14.72
268,13-0.45-15,105.0951949,97.04638066,0.754477723,0,0,0,0,250,353,108,80,65,47,4,0,-0.015275657,0.013636461,0.430803619,-0.462434939,-0.76771772,-0.44358024,14.72
269,13-0.45-30,106.4048871,95.77577982,0.77401545,0,0,0,0,185,384,161,102,45,23,12,0,-0.005977129,0.014355924,0.430866798,-0.661854385,-0.610845308,-0.434530533,14.72
270,13-0.45-45,103.8123307,96.60745313,0.782028608,0,0,0,0,317,305,120,83,52,45,28,0,0.0032985,0.014737805,0.430965275,-0.74819801,-0.447896152,-0.489478064,14.72
271,13-0.45-60,104.2161216,95.70788891,0.750528484,0,0,0,0,326,294,119,75,70,64,9,0,0.009909528,0.015126834,0.431045382,-0.828969962,-0.25892593,-0.495748086,14.72
272,13-0.45-75,103.5857133,95.63472173,0.768897584,0,0,0,0,312,271,142,80,64,43,8,0,0.015627852,0.011712628,0.430065741,0.868548463,0.170281745,0.465432803,14.72
273,13-0.45-90,104.1201229,96.13012015,0.767103476,0,0,0,0,212,358,159,96,54,30,2,0,0.019708003,0.008668584,0.429165732,0.914725407,-0.065810289,0.398680869,14.72
274,14-0.25-0,191.6689855,182.7019431,0.731246316,0,0,0,0,889,1223,618,416,326,32,1,0,-0.019569651,0.006348415,0.227715793,-0.126368693,-0.94091439,-0.31418317,14.8
275,14-0.25-15,214.5972973,181.1767093,0.664248422,0,0,0,0,816,1397,457,386,286,53,41,0,-0.011739189,0.005978809,0.22857275,-0.411717672,-0.846162725,-0.338374352,14.8
276,14-0.25-30,198.5950654,181.8378398,0.692427236,0,0,0,0,960,1288,428,475,233,128,3,0,-0.005198203,0.006314318,0.229179819,-0.620849823,-0.683020469,-0.384744767,14.8
277,14-0.25-45,198.3380952,180.8535319,0.698575375,0,0,0,0,693,1497,500,360,261,82,23,0,-6.48E-05,0.006099253,0.229009382,-0.726921577,-0.592857068,-0.346562431,14.8
278,14-0.25-60,195.9719368,183.2511937,0.688904463,0,0,0,0,730,1458,446,443,176,111,16,0,0.004685066,0.005093046,0.227655708,-0.842478913,-0.42378864,-0.332614597,14.8
279,14-0.25-75,201.2287256,180.6488306,0.68148056,0,0,0,0,1147,1252,481,492,267,176,9,0,0.006104409,0.002757817,0.228080007,-0.932062921,-0.243408698,-0.268348499,14.8
280,14-0.25-90,196.2167169,182.8797419,0.688495066,0,0,0,0,352,1890,520,403,174,68,10,0,0.00814556,-0.000456031,0.225927319,0.955776096,0.028145725,0.292745405,14.8
281,14-0.35-0,140.890028,126.1427762,0.728607421,0,0,0,0,458,627,268,164,142,57,4,0,-0.021557702,0.009261753,0.330319507,-0.32207104,-0.857680987,-0.400816129,14.8
282,14-0.35-15,138.6542462,127.6753696,0.737456789,0,0,0,0,706,473,253,196,173,106,4,0,-0.011970971,0.009919067,0.331990696,-0.531311677,-0.755131249,-0.384037366,14.8
283,14-0.35-30,135.9558752,127.4558747,0.728285255,0,0,0,0,412,672,220,153,106,67,9,0,-0.004404695,0.011754258,0.330529209,-0.651589638,-0.624748217,-0.430256445,14.8
284,14-0.35-45,133.1240023,126.7320007,0.754190406,0,0,0,0,187,802,288,142,99,30,3,0,0.002621015,0.010629387,0.330084658,-0.728436485,-0.587938824,-0.351721804,14.8
285,14-0.35-60,137.4408964,126.9054766,0.723368777,0,0,0,0,330,777,220,140,98,71,8,0,0.010199972,0.008876453,0.330098629,-0.842872638,-0.368769756,-0.391885931,14.8
286,14-0.35-75,129.034879,125.8729518,0.757788398,0,0,0,0,568,606,235,135,143,113,1,0,0.01230612,0.005568787,0.330395852,0.899545925,0.18119703,0.397472974,14.8
287,14-0.35-90,129.1897829,127.1416533,0.75985961,0,0,0,0,243,886,191,144,129,43,3,0,0.014625385,0.002026988,0.328562061,0.933627785,0.005562645,0.358201362,14.8
288,14-0.45-0,108.6738239,96.15092303,0.74934766,0,0,0,0,262,361,99,112,61,32,11,0,-0.02349827,0.013184454,0.43070532,-0.331260356,-0.835849765,-0.437746213,14.8
289,14-0.45-15,102.1420579,97.71898485,0.788581096,0,0,0,3,351,272,119,81,50,58,23,0,-0.011803443,0.015481456,0.431628653,-0.571270328,-0.621923767,-0.535594101,14.8
290,14-0.45-30,101.8724693,98.27003612,0.79742194,0,0,0,0,303,322,117,75,60,62,10,0,-0.003578871,0.015813903,0.432095566,-0.618866161,-0.608943016,-0.496178473,14.8
291,14-0.45-45,101.1385189,97.59098319,0.791067463,0,0,0,0,287,328,108,93,55,54,9,0,0.006163839,0.01478438,0.431473176,-0.757487966,-0.416577747,-0.502667844,14.8
292,14-0.45-60,99.64436763,96.56603958,0.809269176,0,0,0,0,252,339,136,85,52,43,3,0,0.014894437,0.012705165,0.430625699,-0.818162746,-0.344077778,-0.460673641,14.8
293,14-0.45-75,99.92997548,97.71898485,0.777670931,0,0,0,0,194,379,153,100,49,23,5,0,0.018690327,0.00946549,0.429508101,-0.890737046,-0.185086299,-0.415127181,14.8
294,14-0.45-90,100.0449899,96.0832972,0.801131634,0,0,0,0,169,431,156,73,39,34,7,0,0.022283115,0.004012474,0.428498089,0.898613865,-0.039661002,0.436944077,14.8
295,15-0.25-0,197.2054766,169.1449083,0.776554901,0,0,0,0,840,897,712,348,226,41,6,0,-0.01622402,0.007012618,0.226849544,0.199253206,0.920757576,0.335415632,13.02
296,15-0.25-15,197.6916791,169.7998822,0.762690116,0,0,0,0,859,960,591,410,212,37,10,0,-0.008043175,0.006623488,0.226977172,0.379434921,0.848731689,0.368352631,13.02
297,15-0.25-30,200.4894012,175.4109461,0.720967197,0,0,0,0,795,922,690,395,175,68,18,0,-0.002290491,0.005677186,0.227877712,0.593263141,0.706422661,0.386012784,13.02
298,15-0.25-45,197.2308292,173.0462366,0.746497528,0,0,0,0,757,995,598,470,181,26,0,0,0.00265194,0.003844484,0.227144754,0.729714396,0.595620281,0.335787703,13.02
299,15-0.25-60,194.6509697,174.9285568,0.734889583,0,0,0,0,908,866,612,459,155,79,10,0,0.006683032,0.002046071,0.226901504,-0.856689282,-0.368038526,-0.361429271,13.02
300,15-0.25-75,192.7718859,168.0743883,0.751141586,0,0,0,1,777,987,588,470,149,53,1,0,0.007912722,-0.000639684,0.226048967,-0.921334824,-0.200840001,-0.332874505,13.02
301,15-0.25-90,193.9922679,175.6359872,0.726167614,0,0,0,24,704,1036,627,441,192,12,1,0,0.008456169,-0.003320007,0.224995637,0.950902491,-0.021294399,0.308757188,13.02
302,15-0.35-0,138.09055,118.1058847,0.799972699,0,0,0,0,557,461,261,186,122,105,2,0,-0.018795756,0.009771036,0.330984489,-0.309271588,-0.872409782,-0.378486799,13.02
303,15-0.35-15,141.2834031,123.1787319,0.788537201,0,0,0,0,437,432,318,145,68,71,16,0,-0.008411206,0.010792695,0.330286418,-0.497779025,-0.740398949,-0.451691752,13.02
304,15-0.35-30,140.431478,122.40915,0.781670943,0,0,0,0,468,404,290,164,101,56,8,0,-0.001088214,0.010309917,0.330886515,-0.642255523,-0.635886728,-0.427967186,13.02
305,15-0.35-45,136.6930869,119.2015101,0.779488312,0,0,0,0,317,532,293,198,61,20,12,0,0.006145151,0.009239382,0.330275776,-0.766265591,-0.515512704,-0.383514923,13.02
306,15-0.35-60,134.3167897,116.6619047,0.794720878,0,0,0,0,283,580,276,178,92,12,0,0,0.012023915,0.006889037,0.329872658,-0.872006913,-0.355710286,-0.336264979,13.02
307,15-0.35-75,135.0740538,118.4314148,0.780270751,0,0,0,0,285,559,330,166,88,13,0,0,0.014476265,0.003340478,0.32954538,-0.938823808,-0.145546623,-0.312131442,13.02
308,15-0.35-90,133.5065541,116.4001718,0.791303278,0,0,0,0,281,578,260,216,75,14,0,0,0.016496746,-0.001020749,0.328829775,0.952143167,-0.039014438,0.30315221,13.02
309,15-0.45-0,104,89,0.835998271,0,0,0,0,236,262,139,72,56,29,8,0,-0.020092378,0.014286657,0.43119692,-0.260962115,-0.850584627,-0.456513491,13.02
310,15-0.45-15,105.0809212,89.28605714,0.820058181,0,0,0,0,174,339,135,62,34,41,6,0,-0.009537598,0.014342982,0.430938001,-0.343002297,-0.839536186,-0.421341211,13.02
311,15-0.45-30,104.2017274,89.4427191,0.799885337,0,0,0,0,181,311,140,98,55,15,1,0,-0.000570913,0.014792933,0.430276442,0.622714944,0.683455877,0.380938529,13.02
312,15-0.45-45,103.2279032,90.21086409,0.833093655,0,0,0,0,212,303,162,70,54,32,4,0,0.007753831,0.012850745,0.430360684,-0.757793144,-0.498378433,-0.421151384,13.02
313,15-0.45-60,103.7111373,90.27181177,0.826729443,0,0,0,0,233,269,141,92,67,24,1,0,0.016102595,0.009742737,0.428972915,-0.826139023,-0.340432409,-0.448998986,13.02
314,15-0.45-75,103.3150521,89,0.813590837,0,0,0,0,265,210,154,108,82,15,0,0,0.02024396,0.005951188,0.428237974,-0.920107194,-0.125723836,-0.37093971,13.02
315,15-0.45-90,104.4796631,88.45903006,0.81615035,0,0,0,0,210,248,204,88,41,19,2,0,0.023680833,0.000753092,0.427137866,0.906711942,-0.026782351,0.420899227,13.02
316,16-0.25-0,200.124961,176.3660965,0.76837517,0,0,0,0,419,1589,721,304,126,51,6,0,-0.023706826,0.002220032,0.227793994,0.162264617,0.955017356,0.248217735,13.15
317,16-0.25-15,197.6866207,174.3473544,0.782536151,0,0,4,30,463,1449,803,284,128,83,10,0,-0.016308725,0.003779689,0.228388746,-0.403256517,-0.868355741,-0.28869099,13.15
318,16-0.25-30,196,174,0.785362421,0,0,0,14,356,1691,560,301,185,41,6,0,-0.010406844,0.004808313,0.228358411,-0.585800773,-0.746315216,-0.315992172,13.15
319,16-0.25-45,195.7268505,174.8742405,0.77983885,0,0,0,21,456,1560,656,282,159,80,2,0,-0.004765179,0.005134108,0.228003121,-0.737347387,-0.606790326,-0.296857426,13.15
320,16-0.25-60,195.4737834,174.4706279,0.771952416,0,0,0,0,450,1439,855,284,123,32,0,0,-0.001289992,0.005388394,0.227217714,-0.870355618,-0.434201476,-0.232271772,13.15
321,16-0.25-75,196.2371015,174.9771414,0.777557577,0,0,4,24,375,1481,778,380,84,25,0,0,0.000794525,0.004644056,0.226484571,-0.942846583,-0.23240335,-0.238807463,13.15
322,16-0.25-90,196.6570619,175.0257124,0.785269225,0,0,0,34,300,1484,961,257,133,25,0,0,0.0032578,0.003631514,0.225141531,0.969867272,0.022078872,0.242631402,13.15
323,16-0.35-0,139.204885,121.7415295,0.797839591,0,0,0,0,149,883,274,111,54,55,4,0,-0.026234637,0.005682869,0.331032444,-0.19593042,-0.942609117,-0.270368865,13.15
324,16-0.35-15,137.6735269,122.5765067,0.80471499,0,0,0,0,234,813,294,108,76,66,0,0,-0.01643417,0.007728575,0.332143649,-0.482115128,-0.808975847,-0.336337749,13.15
325,16-0.35-30,137.0912105,121.1032617,0.813205834,0,0,0,0,218,774,289,123,49,72,0,0,-0.010308416,0.00959461,0.331462703,-0.634515122,-0.701419695,-0.324655158,13.15
326,16-0.35-45,137.277092,120.7849328,0.799891233,0,0,0,0,178,868,231,89,96,72,0,0,-0.00272539,0.010139338,0.331616544,-0.766826202,-0.511789673,-0.387361467,13.15
327,16-0.35-60,135.1184665,120.7683733,0.798993143,0,0,0,0,165,815,287,120,63,41,0,0,0.003779999,0.010143619,0.331453523,-0.869306878,-0.359525366,-0.339185881,13.15
328,16-0.35-75,137.9746354,120.2829996,0.804591322,0,0,0,0,146,861,264,125,70,20,0,0,0.007017693,0.009039775,0.330382015,0.934514782,0.192335187,0.299481715,13.15
329,16-0.35-90,137.8441149,121.2023102,0.806726504,0,0,0,0,33,950,323,93,65,35,0,0,0.010622422,0.00588087,0.329375084,0.958042741,-0.015287808,0.286217381,13.15
330,16-0.45-0,106.6208235,93.62157871,0.811259471,0,0,0,0,118,416,172,88,31,24,0,0,-0.027144719,0.009106795,0.432039386,-0.251400371,-0.909011461,-0.332409411,13.15
331,16-0.45-15,106.3014581,93.26306879,0.835485155,0,0,0,0,171,431,115,100,42,43,0,0,-0.016569867,0.011042008,0.432409736,-0.558950752,-0.723410417,-0.405279441,13.15
332,16-0.45-30,104.0432602,93.02150289,0.843953318,0,0,0,0,201,362,188,85,48,38,0,0,-0.008205397,0.01380842,0.432935718,-0.678159556,-0.619818346,-0.394873189,13.15
333,16-0.45-45,112.9291813,89.84430978,0.81115356,0,0,0,0,116,434,164,89,42,20,0,0,-7.66E-06,0.014120888,0.432135482,-0.769177132,-0.550045535,-0.325294403,13.15
334,16-0.45-60,105.1189802,93.05912099,0.814738495,0,0,0,0,118,464,123,73,49,36,0,0,0.007782989,0.013040519,0.431182644,-0.841026691,-0.356885258,-0.406579658,13.15
335,16-0.45-75,105.4751155,92.6984358,0.833454512,0,0,0,0,150,397,154,71,39,36,0,0,0.012713908,0.011022493,0.431136939,0.902958894,0.167750259,0.395632514,13.15
336,16-0.45-90,105.6882207,92.64987858,0.837622479,0,0,0,0,93,460,148,85,45,19,0,0,0.017538094,0.006611311,0.430466807,0.929048913,-0.030233782,0.368719454,13.15
337,17-0.25-0,214.0093456,164.0121947,0.752304639,0,0,0,0,447,1335,653,445,48,25,21,0,-0.01975342,0.005268054,0.227767907,-0.181244457,-0.937128152,-0.298230237,12.19
338,17-0.25-15,211.7829077,161.3350551,0.769638098,0,0,0,37,426,1374,616,303,91,77,32,0,-0.010841955,0.005332197,0.228739222,-0.39695879,-0.840614533,-0.368498203,12.19
339,17-0.25-30,203.1797234,162.3884232,0.772260806,0,0,0,0,497,1367,603,376,136,19,0,0,-0.005880679,0.005539901,0.229285378,-0.571751583,-0.762671366,-0.302378099,12.19
340,17-0.25-45,203.7891067,162.963186,0.758443463,0,0,0,20,416,1360,669,319,72,56,11,0,-0.000536621,0.005004058,0.228968055,-0.724171357,-0.609541528,-0.322544526,12.19
341,17-0.25-60,206.7123605,161.0124219,0.760412342,0,0,0,26,472,1162,732,398,26,41,20,0,0.003300967,0.003463597,0.228153502,-0.837257223,-0.437715666,-0.327727537,12.19
342,17-0.25-75,205.5480479,160.3776792,0.763438694,0,0,0,45,380,1156,844,349,90,31,6,0,0.005518415,0.002165114,0.22753063,-0.918999171,-0.227350124,-0.322106262,12.19
343,17-0.25-90,209.9761891,161.2761607,0.75097108,0,0,0,35,237,1329,866,352,83,1,0,0,0.006608686,-0.00027706,0.226607981,0.957686274,0.029652154,0.286282641,12.19
344,17-0.35-0,142.7725464,113.1591799,0.813875975,0,0,0,0,264,686,217,162,82,38,4,0,-0.021682189,0.00880906,0.330667357,-0.201062105,-0.916488746,-0.345864724,12.19
345,17-0.35-15,142,112,0.820233903,0,0,0,0,249,705,190,134,71,52,18,0,-0.012366045,0.009856254,0.33085551,-0.421865202,-0.810237318,-0.406872511,12.19
346,17-0.35-30,142.6359001,113.7804904,0.797267507,0,0,0,0,249,672,255,100,62,50,12,0,-0.005659775,0.010614347,0.330608072,-0.588515334,-0.720791131,-0.366210113,12.19
347,17-0.35-45,141.7674152,113.5957746,0.787249057,0,0,0,0,178,695,287,153,35,34,0,0,0.002600238,0.010001573,0.330598455,-0.747932621,-0.577995711,-0.326370577,12.19
348,17-0.35-60,142.4254191,112.6987134,0.805611483,0,0,0,0,125,785,264,137,42,30,5,0,0.008458223,0.008742876,0.329560253,-0.861820861,-0.386217391,-0.328787059,12.19
349,17-0.35-75,143.2829369,110.2225022,0.80060767,0,0,0,0,84,853,240,112,69,21,2,0,0.011862999,0.005687073,0.329042146,-0.923305452,-0.207333775,-0.323295142,12.19
350,17-0.35-90,143.1712262,112.1605991,0.794175152,0,0,0,0,32,890,275,132,61,11,0,0,0.01464894,0.001027096,0.327714543,0.959958281,0.016257861,0.279670845,12.19
351,17-0.45-0,109.4577544,87.36704184,0.835093572,0,0,0,0,217,308,113,90,44,35,5,0,-0.02340095,0.012378631,0.43191722,-0.232522706,-0.870566602,-0.433643843,12.19
352,17-0.45-15,109,85,0.849541284,0,0,0,0,353,204,111,88,69,72,0,0,-0.011115532,0.013302873,0.434064831,-0.558362469,-0.635348257,-0.533445354,12.19
353,17-0.45-30,109.2016483,86.127812,0.831765154,0,0,0,0,191,324,118,69,42,40,3,0,-0.003911315,0.014022691,0.432301655,-0.58353943,-0.688361145,-0.430860381,12.19
354,17-0.45-45,108.6738239,85.86617495,0.82291997,0,0,0,0,131,411,111,73,38,39,7,0,0.005518773,0.013815138,0.431525967,-0.749547495,-0.498290847,-0.435757713,12.19
355,17-0.45-60,109.2245394,87.20665112,0.830121969,0,0,0,0,178,357,106,68,46,48,1,0,0.01355309,0.011318825,0.431900999,-0.810334503,-0.377157015,-0.448453542,12.19
356,17-0.45-75,110,85,0.834224599,0,0,0,0,271,271,123,82,59,47,1,0,0.017656004,0.007657826,0.431758909,0.874216554,0.169748822,0.454896421,12.19
357,17-0.45-90,109.5627674,86.72946443,0.814222199,0,0,0,0,130,332,187,62,33,21,1,0,0.021124265,0.002332648,0.429692182,0.923508926,0.01865413,0.383123072,12.19
358,18-0.25-0,225.9424706,174.4706279,0.756158155,0,0,0,0,682,1301,744,259,299,16,0,0,-0.015501228,0.004843666,0.227280172,0.0244156,0.958687205,0.283412633,13.65
359,18-0.25-15,225.1754871,171.8138528,0.761445305,0,0,0,0,766,1283,668,323,277,47,4,0,-0.006914557,0.003986528,0.228854039,-0.252441079,-0.916553178,-0.310167332,13.65
360,18-0.25-30,218,171,0.778072858,0,0,0,0,742,1175,815,321,242,27,13,0,-0.001834418,0.00326286,0.22833434,-0.481761216,-0.819013037,-0.311646878,13.65
361,18-0.25-45,218.5245982,172.2004646,0.771617624,0,0,0,0,691,1146,853,298,214,50,2,0,0.003109756,0.002066714,0.228497062,-0.633912079,-0.713886894,-0.297524752,13.65
362,18-0.25-60,217.7934802,173.0722393,0.760996338,0,0,0,0,732,1318,708,286,212,72,12,0,0.006860878,0.000189723,0.227658163,-0.810607242,-0.477055022,-0.339609195,13.65
363,18-0.25-75,214.1331362,179.9027515,0.753209622,0,0,0,0,641,1254,851,305,156,64,0,0,0.007501446,-0.002324249,0.22668837,-0.900877209,-0.328274129,-0.284000616,13.65
364,18-0.25-90,215.2324325,180.4050997,0.765690031,0,0,0,0,578,1295,885,306,162,22,10,0,0.007388254,-0.005523261,0.225979043,0.953413774,0.140474899,0.266962505,13.65
365,18-0.35-0,156.1697794,120.7021127,0.7995216,0,0,0,0,444,598,269,117,124,70,13,0,-0.01695355,0.008410034,0.330255237,0.073828186,0.937579746,0.339843522,13.65
366,18-0.35-15,155.3640885,120.8387355,0.806487696,0,0,0,0,442,647,219,142,102,95,29,0,-0.007421778,0.008729227,0.331345493,-0.387415363,-0.818744538,-0.423753133,13.65
367,18-0.35-30,154,121,0.818664806,0,0,0,0,338,628,318,128,121,31,10,0,-0.001222425,0.008540609,0.330580947,-0.489852125,-0.803215423,-0.338954098,13.65
368,18-0.35-45,149.7531302,127.6636205,0.791242746,0,0,0,0,354,710,243,144,124,61,9,0,0.005167584,0.006226314,0.330953473,-0.708376238,-0.588500049,-0.389706039,13.65
369,18-0.35-60,151.9901313,124.3382483,0.791345765,0,0,0,0,359,702,245,148,96,60,8,0,0.010951587,0.004791898,0.330229553,-0.8031632,-0.466184798,-0.370945559,13.65
370,18-0.35-75,150.7481343,125.6741819,0.801524466,0,0,0,0,282,710,319,126,100,37,1,0,0.0130472,0.001105641,0.329269505,-0.887155512,-0.335743147,-0.316593805,13.65
371,18-0.35-90,152.9771225,119.3649865,0.815329056,0,0,0,0,283,693,305,111,101,39,3,0,0.014303798,-0.002466918,0.328270141,0.934569539,0.122095811,0.334174191,13.65
372,18-0.45-0,124.8879498,93.10746479,0.801427562,0,0,0,0,288,295,146,88,57,47,11,0,-0.018536024,0.011402003,0.431257978,0.159452839,0.890254547,0.426639934,13.65
373,18-0.45-15,121.0165278,92.39588735,0.82234566,0,0,0,0,245,358,129,85,50,44,15,0,-0.007991352,0.012442472,0.431745453,-0.361494869,-0.81571615,-0.451584567,13.65
374,18-0.45-30,118,93,0.834426827,0,0,0,0,357,267,111,91,64,79,2,0,-0.001151482,0.011135276,0.432929289,-0.492194486,-0.780012998,-0.386425039,13.65
375,18-0.45-45,120.0708124,93.14504818,0.815450526,0,0,0,0,288,306,114,82,55,51,13,0,0.008382336,0.010818337,0.430945985,-0.697009963,-0.541763506,-0.469754632,13.65
376,18-0.45-60,118.5959527,91.78779875,0.807484235,0,0,0,0,288,301,119,100,62,46,5,0,0.015526608,0.00933902,0.431145715,-0.779600458,-0.43294724,-0.452526036,13.65
377,18-0.45-75,117.3797257,91.21951546,0.841200092,0,0,0,0,279,347,136,108,76,38,12,0,0.018664362,0.005322794,0.430959733,-0.877924353,-0.307679539,-0.366854375,13.65
378,18-0.45-90,118.7013058,90.91754506,0.824404576,0,0,0,0,193,348,197,80,46,31,1,0,0.02195896,1.41E-05,0.429442542,0.933750214,0.104304585,0.342390262,13.65
379,19-0.25-0,234.2007686,175.3282636,0.77280671,0,0,0,3,721,1250,859,464,209,33,1,0,-0.020693015,0.007011375,0.227532436,0.037809096,0.941884533,0.333802334,14.55
380,19-0.25-15,235.9194778,176.0823671,0.778166091,0,0,0,0,737,1460,562,457,164,87,45,0,-0.011609294,0.007799159,0.227967353,-0.321532544,-0.86295971,-0.38976578,14.55
381,19-0.25-30,234.5804766,177.7301325,0.785186245,0,0,0,0,670,1578,514,460,160,94,5,0,-0.006085627,0.007924745,0.22827172,-0.505309779,-0.773408333,-0.382755246,14.55
382,19-0.25-45,233.0021459,177.1016657,0.777679559,0,0,0,2,652,1512,628,422,205,82,1,0,0.000326817,0.006716754,0.227940225,-0.670662442,-0.64229284,-0.371041502,14.55
383,19-0.25-60,232.9978541,177.8904157,0.772001889,0,0,0,8,575,1411,718,542,144,15,0,0,0.004217913,0.005337694,0.22746343,-0.7970541,-0.511872508,-0.320454827,14.55
384,19-0.25-75,232.1745033,177.1016657,0.774979796,0,0,0,0,540,1454,708,488,164,7,0,0,0.006491131,0.003239257,0.226756197,-0.893948211,-0.313682968,-0.320093099,14.55
385,19-0.25-90,237.5394704,176.6465397,0.777373486,0,0,0,21,494,1450,847,441,165,5,0,0,0.008382336,8.64E-05,0.225936935,0.948894698,0.090493377,0.302340537,14.55
386,19-0.35-0,159.6778006,123.4382437,0.79217275,0,0,0,0,309,749,282,194,115,34,3,0,-0.022790201,0.011508526,0.33084944,-0.135915023,-0.911863212,-0.387340404,14.55
387,19-0.35-15,162.6345597,122.1883792,0.810183015,0,0,0,0,431,617,329,176,103,66,2,0,-0.012389343,0.011534852,0.331842303,-0.352728515,-0.844707015,-0.402557639,14.55
388,19-0.35-30,160.0781059,123.0650235,0.80862879,0,0,0,0,409,651,286,177,92,71,4,0,-0.004843401,0.012047399,0.331660056,-0.537189749,-0.741708861,-0.401615661,14.55
389,19-0.35-45,157.4420528,122.102416,0.776319043,0,0,0,0,395,574,338,209,90,46,0,0,0.003671612,0.011778879,0.331402927,-0.68938474,-0.60744208,-0.39466796,14.55
390,19-0.35-60,157.9525245,120.2206305,0.80925151,0,0,0,0,301,708,320,182,94,34,0,0,0.009764208,0.009888799,0.330928876,-0.81016402,-0.46525197,-0.356615851,14.55
391,19-0.35-75,156,121,0.786607332,0,0,0,0,176,864,273,211,77,16,0,0,0.013266726,0.007320788,0.329732476,-0.901217244,-0.275974933,-0.33413368,14.55
392,19-0.35-90,158.5181378,120.4408569,0.769272658,0,0,0,0,205,814,319,205,81,3,0,0,0.015197873,0.00259067,0.328768426,0.954488335,0.080358494,0.287218611,14.55
393,19-0.45-0,123.032516,92.6984358,0.805441736,0,0,0,2,311,264,164,104,71,49,0,0,-0.024404754,0.014081126,0.432864378,-0.16417769,-0.877879452,-0.449859259,14.55
394,19-0.45-15,120.6026534,94.20191081,0.827920049,0,0,0,0,331,260,146,120,71,46,1,0,-0.012616719,0.016047151,0.433080143,-0.425988949,-0.774967016,-0.466861371,14.55
395,19-0.45-30,121.5935854,91.44397192,0.820037743,0,0,0,0,184,397,156,96,56,27,0,0,-0.004509744,0.017082859,0.43213492,-0.471928014,-0.791428691,-0.388490125,14.55
396,19-0.45-45,118.0677771,93.47192092,0.799110409,0,0,0,0,212,384,126,104,62,34,2,0,0.004836382,0.015519486,0.431904345,-0.680192668,-0.593265613,-0.430550632,14.55
397,19-0.45-60,118.6633895,94.14881837,0.787682232,0,0,0,0,329,273,133,106,69,56,3,0,0.01315778,0.014101451,0.432052785,-0.769476476,-0.457400452,-0.445747439,14.55
398,19-0.45-75,118,92,0.816046426,0,0,0,0,229,333,176,111,64,23,0,0,0.018536275,0.010268029,0.431202331,0.883325907,0.218942556,0.414487031,14.55
399,19-0.45-90,124.036285,93.15041599,0.805865897,0,0,0,0,156,395,182,100,47,23,0,0,0.022409805,0.004826592,0.429436265,0.921784583,0.045405347,0.385034463,14.55
400,20-0.25-0,195.6041922,178.4880948,0.770027924,0,0,0,0,616,1364,771,345,179,54,0,0,-0.015805183,0.008877085,0.229744117,0.02002955,0.971272158,0.237126997,13.26
401,20-0.25-15,196.0229578,176.9180601,0.765945758,0,0,0,4,481,1545,646,374,201,23,0,0,-0.007179278,0.008207675,0.230339015,-0.20386323,-0.93877904,-0.277729539,13.26
402,20-0.25-30,194.8127306,176.4596271,0.759470507,0,0,0,30,406,1504,758,377,143,36,0,0,-0.000601672,0.007144147,0.230739947,-0.426100192,-0.863447308,-0.269995136,13.26
403,20-0.25-45,193.7937047,177.1581215,0.766250186,0,0,0,1,491,1451,775,389,137,22,0,0,0.005641034,0.005185743,0.230855313,-0.640944919,-0.730939111,-0.234345102,13.26
404,20-0.25-60,189.0952141,177.0536642,0.771296284,0,0,0,16,231,1667,726,366,139,1,0,0,0.008406978,0.002971758,0.230637193,-0.767862775,-0.60530486,-0.20974457,13.26
405,20-0.25-75,193.1269013,176.5021246,0.7545917,0,0,0,0,255,1688,783,322,96,22,0,0,0.010649384,-0.000368531,0.229813493,-0.881010158,-0.421801729,-0.214253126,13.26
406,20-0.25-90,204.599609,174.0718243,0.735251439,0,0,0,0,125,1819,742,301,152,3,0,0,0.011129065,-0.004157172,0.22909241,0.953675437,0.213092376,0.212355364,13.26
407,20-0.35-0,136.9379421,123.794184,0.812877642,0,0,0,0,303,732,256,149,111,43,0,0,-0.016926685,0.012843888,0.331568168,0.058750375,0.94467622,0.322699912,13.26
408,20-0.35-15,145.1344205,122.7843638,0.76637587,0,0,0,0,201,799,325,142,75,32,2,0,-0.007018643,0.012685765,0.330906907,-0.342429289,-0.876994022,-0.337081099,13.26
409,20-0.35-30,146.0308187,123.0365799,0.80107385,0,0,0,0,255,726,312,144,110,25,0,0,0.000674785,0.011251626,0.331867217,-0.476694607,-0.815908711,-0.327192951,13.26
410,20-0.35-45,144.5856148,123.2233744,0.757507411,0,0,0,0,158,792,378,155,62,33,0,0,0.008022711,0.009366388,0.332185361,-0.683815462,-0.679431672,-0.266024468,13.26
411,20-0.35-60,133.8693393,123.9072234,0.809350333,0,0,0,0,57,891,358,123,81,8,0,0,0.014322486,0.007173442,0.330700095,-0.796429805,-0.545145154,-0.261756235,13.26
412,20-0.35-75,135.5949852,123.9435355,0.781381934,0,0,0,0,142,801,347,141,87,14,0,0,0.016955882,0.003081101,0.330083616,-0.884124916,-0.363913272,-0.293070406,13.26
413,20-0.35-90,134.8517705,124.6635472,0.793939716,0,0,0,0,174,754,402,140,74,9,0,0,0.018578783,-0.002959905,0.32870281,0.948748455,0.156619032,0.274493803,13.26
414,20-0.45-0,104.1201229,95.13148795,0.843201798,0,0,0,0,151,413,181,87,47,24,0,0,-0.01855608,0.015776581,0.433032779,0.051100669,0.934123061,0.353274439,13.26
415,20-0.45-15,104.6900186,94.64142856,0.836797456,0,0,0,0,174,389,177,92,49,29,0,0,-0.006849347,0.015960955,0.433930564,-0.302229694,-0.902520187,-0.306780905,13.26
416,20-0.45-30,104.1777327,94.33981132,0.823251056,0,0,0,0,121,387,206,87,33,16,0,0,0.001641581,0.016274465,0.433414138,-0.418664549,-0.840403933,-0.344152909,13.26
417,20-0.45-45,103.4698024,94.86832981,0.848104501,0,0,0,0,147,408,155,84,62,14,0,0,0.010683067,0.014255528,0.433377694,-0.60329925,-0.70905411,-0.365064767,13.26
418,20-0.45-60,102.7277957,94.9210198,0.840116625,0,0,0,0,125,420,176,102,55,9,0,0,0.018317117,0.011543152,0.433232887,-0.802203185,-0.475838983,-0.360620733,13.26
419,20-0.45-75,103.3150521,94.3716059,0.813640409,0,0,0,0,200,395,164,109,56,23,0,0,0.022850687,0.006395548,0.433499886,-0.874323669,-0.371275086,-0.31259068,13.26
420,20-0.45-90,103.1600698,95.12623192,0.82612973,0,0,0,0,53,510,198,60,44,17,0,0,0.025826788,0.000427858,0.431797124,0.937165646,0.125606978,0.325489538,13.26
